A,B,F,G,H,K,L,P,R,U,Y
F,H,J,L,P,Q,T,U,V,X,Y
B,D,F,G,H,J,K,L,N,Q,S,T,U,V,Y
A,E,F,G,H,J,K,N,P,R,T,U,Y
A,F,H,J,K,Q,T,U,V,Y
A,B,F,G,H,I,J,K,L,M,P,T,U,V,X,Y
B,C,F,G,J,M,N,P,R,T,U
A,B,G,H,J,K,M,N,P,Q,T,U,V,X,Y
A,B,F,G,H,I,J,K,L,P,Q,T,U,V,Y
A,B,G,H,I,K,N,T,U,V,Y
A,B,D,F,G,H,J,L,M,N,T,U,V,Y
A,B,D,F,G,H,J,K,L,M,N,R,T,U,Y
A,B,C,G,H,J,K,P,R,T,U,X
A,B,C,F,G,H,J,K,L,P,T,U,Y
A,C,F,G,H,J,L,N,T,U,V
A,B,G,H,I,J,L,N,T,U,V,X,Y
B,F,H,I,J,K,M,N,U,X,Y
B,F,G,H,I,J,K,L,T,U,V
B,F,G,H,I,J,L,N,P,Q,T,U,V,Y
A,B,C,G,H,I,K,L,M,P,Q,T,U,V
A,C,F,G,H,J,K,L,N,P,T,U,V,Y
B,G,H,J,K,L,N,T,U,X,Y
A,F,G,J,N,P,S,T,U
A,D,F,H,I,J,K,N,P,T,U,V,Y
A,F,H,I,J,L,M,P,Q,R,T,U,X,Y
A,F,G,H,I,J,M,N,Q,R,T,X,Y
A,B,C,F,G,H,I,J,K,N,P,T,V,X,Y
A,H,I,J,K,L,M,N,P,R,T,U,V,Y
A,C,F,G,H,J,K,M,N,T,U,V,Y
G,H,I,J,K,L,N,Q,T,U,V,Y
A,E,F,G,H,I,J,L,N,T,U,V
A,B,H,I,J,L,Q,R,T,U,V,Y
A,F,G,H,J,L,N,P,S,T,U,V,Y
B,C,F,G,H,I,J,L,P,R,T,U,V
A,C,G,H,J,K,L,O,P,Q,R,S,T,U,V,X,Y
C,D,F,G,H,K,L,M,Q,R,T,U,Y
B,F,G,H,J,K,L,P,R,U,Y
A,B,F,G,H,J,N,O,Q,T,U,Y
A,B,D,E,F,G,H,L,M,Q,U,V
A,B,C,F,G,H,J,K,L,M,N,Q,R,T,U,Y
B,D,F,G,H,J,K,N,P,T,U,V,Y
A,C,F,G,H,J,L,T,U,V,X,Y
A,B,G,H,J,K,N,O,P,R,T,U
A,B,D,F,G,H,I,J,K,L,P,R,T,U,V,Y
A,B,H,J,L,N,T,U
A,B,C,F,H,L,N,Q,R,U
D,F,H,J,L,N,P,Q,R,S,T,U,V,Y
B,F,G,I,J,N,T,U,V
B,C,G,H,I,J,K,M,N,T,U,V,Y
A,B,C,F,G,H,K,L,N,P,Q,R,T,U
B,E,F,G,H,J,L,N,R,T,U,V,Y
F,G,H,J,K,L,P,T,U,V
B,C,G,H,J,K,L,N,Q,R,T,U,V,X,Y
A,B,F,G,H,J,K,N,Q,R,S,T,U
A,B,F,G,J,K,R,T,U,V,X
A,B,G,H,J,K,M,P,Q,V
A,B,G,H,J,K,M,N,O,R,T,U,V
B,C,F,H,J,K,O,P,U,V,Y
B,F,G,H,J,K,L,M,P,R,U
A,B,F,G,I,J,K,L,M,Q,R,T,U,V,Y
B,G,H,J,K,L,N,P,Q,T,U,V,Y
A,B,G,H,J,K,L,M,N,P,R,S,T,Y
B,C,G,H,I,J,K,L,M,N,P,T,U,V
F,G,H,J,K,N,P,Q,R,T,U,Y
A,B,C,G,H,J,K,M,T,U,V,X,Y
B,F,G,H,J,K,L,N,R,S,T,U,Y
B,F,G,H,J,K,L,N,P,Q,R,T,U,V
A,B,C,F,G,H,I,K,L,N,R,U
A,E,F,H,J,L,N,P,R,T,U
A,C,G,H,J,L,N,R,T,U,V,Y
C,D,F,G,J,K,L,P,T,U,Y
B,C,G,H,J,L,N,S,T
A,B,F,H,J,K,L,M,N,T,U,V,Y
A,F,G,H,J,K,L,M,N,T,U,V,Y
D,E,G,H,I,J,K,N,P,R,T,U,X,Y
A,D,F,G,I,J,K,L,M,P,Q,S,V
A,B,G,H,K,Q,R,T,U,Y
B,C,E,F,H,I,J,L,N,Q,R,T,U,V,X,Y
D,F,G,H,J,M,P,T,U,V,Y
A,B,D,F,H,I,K,N,P,Q,R,T,U,Y
A,B,C,F,G,H,I,J,K,L,M,N,P,Q,R,T,U,V,Y
A,B,G,H,I,J,L,P,T,U,V,X
A,B,F,G,H,J,L,N,P,T,U,V
B,E,F,G,H,J,L,N,Q,R,T,U,Y
B,C,F,G,H,I,J,K,L,N,Q,R,T,X
A,B,F,G,H,J,L,M,P,R,T,U
A,B,C,F,G,H,J,K,L,M,N,P,Q,R,T,U,X,Y
B,F,H,J,L,N,P,Q,R,U,Y
A,C,F,G,H,L,N,R,T,U,Y
B,D,G,H,I,J,K,L,P,T,Y
A,B,C,G,H,K,M,P,Q,T,U,V,Y
B,C,F,H,J,K,L,P,Q,T,U,V,Y
A,B,C,G,H,I,J,K,L,N,Q,T,U,X,Y
B,D,F,G,H,I,J,K,L,N,Q,T,U,V,X
A,B,C,F,G,H,J,N,P,Q,R,T,U
A,B,C,F,G,H,J,K,L,P,R,T,U,Y
A,B,G,H,J,L,N,T,U,V,X,Y
D,F,G,H,L,M,Q,R,T,U
A,B,C,F,G,J,K,N,P,T,U,V,Y
B,C,D,G,H,J,K,L,Q,T,U
B,F,G,H,J,K,N,P,Q,R,T,U,V,X,Y
A,C,D,F,G,H,J,K,N,Q,R,T,U,X
C,G,H,I,L,N,P,S,T,U,V,Y
B,C,E,F,G,H,I,J,K,L,N,Q,R,S,T,U
A,B,D,E,F,G,H,J,K,L,N,P,S,T,U,V,Y
A,B,C,D,G,H,J,K,N,O,P,R,T,U,V,Y
A,F,G,I,J,L,M,Q,R,T,U,V,X,Y
A,B,G,H,I,J,K,L,N,Q,R,T,U,V
F,G,H,I,L,N,R,T,U,V,Y
A,B,C,F,H,I,J,L,P,Q,R,S,T,U,V,Y
A,B,G,H,J,L,P,Q,R,T,U,V,Y
B,D,G,H,J,K,L,N,Q,T,U,V,Y
B,F,G,H,I,J,K,N,P,Q,T,U,V
B,C,G,H,I,J,K,L,M,N,P,Q,U,X
B,D,F,G,H,I,J,L,N,O,P,Q,U,V,Y
B,F,G,H,I,J,K,L,P,Q,S,T,U
B,F,G,H,J,N,P,Q,R,T,U,Y
A,B,E,F,G,H,L,P,R,T,U,V,Y
F,H,J,K,L,N,Q,T,U,V,X
A,B,G,H,J,L,R,T,U,V,Y
C,D,F,G,H,J,K,L,N,R,S,T,U,Y
B,C,G,H,J,L,P,T,U,V,Y
A,B,C,F,G,H,K,P,T,U,V
A,B,C,F,G,H,J,K,L,M,N,P,Q,T,U,V,Y
A,B,H,I,J,L,M,N,P,Q,T,U,V
D,N,R,T,U,V,Y
B,C,D,F,G,H,I,J,L,Q,R,T,U,V,X,Y
B,F,G,H,L,N,R,T,U,Y
B,F,G,H,J,K,L,P,Q,T,U,V,Y
A,B,F,G,H,J,L,M,P,Q,R,T,X,Y
B,C,F,G,H,J,K,L,N,R,T,U
A,B,F,G,H,J,K,L,M,N,Q,T,U,Y
B,D,F,G,H,J,M,P,R,U,V,X
B,F,G,H,I,J,K,L,M,P,R,T,U,V,X
B,G,H,J,L,N,Q,R,T,U,Y
A,B,C,E,F,G,J,K,L,N,T,U
B,F,G,H,J,K,M,N,T,U,V,Y
A,B,C,G,H,J,K,L,P,Q,U,V
B,C,E,H,J,L,M,T,U,V
A,B,F,G,H,I,K,N,P,T,U,Y
B,F,G,H,I,J,K,L,N,R,T,U,V,Y
A,C,F,G,H,J,K,N,P,Q,T,U,Y
B,F,G,H,J,K,L,N,T,U,V
B,D,F,G,H,J,K,L,M,N,R,T,U,V,Y
B,G,H,J,K,L,N,U,V,Y
B,C,D,F,G,H,J,K,L,T,U,X,Y
A,B,C,E,F,G,H,I,J,L,M,N,T,U,Y
B,F,G,H,I,J,K,L,N,P,Q,T,U,V
A,B,C,D,F,G,H,J,N,P,Q,T,U,Y
A,B,C,F,G,H,I,J,K,L,Q,R,U,V,Y
A,C,F,H,J,L,M,N,O,P,Q,T,U,V,Y
A,B,C,F,G,H,J,K,L,M,N,P,R,T,U,V,Y
A,B,F,G,H,J,K,M,N,O,P,T,U,V,Y
A,B,H,I,K,L,N,P,Q,T,U,Y
A,B,F,G,I,J,L,R,T,U
A,B,G,H,K,L,N,P,Q,R,T,Y
B,F,G,H,J,L,P,T,V,X,Y
A,G,H,K,L,N,U,Y
B,E,F,G,H,J,K,L,N,P,R,T,U,Y
D,F,G,H,J,K,P,R,T,U
B,E,G,H,K,L,M,N,P,Q,R,T,U,V,Y
A,F,G,H,I,J,K,L,M,N,P,Q,T,U,V,X,Y
A,B,D,E,G,H,K,L,N,R
A,E,F,H,I,L,N,R,T,U,Y
B,D,H,J,N,O,R,T,U,Y
A,B,F,G,J,L,Q,R,T,U,V,Y
A,B,C,F,G,H,I,J,N,P,T,U,V
B,C,E,G,H,L,P,R,U,V,X,Y
A,B,F,G,H,J,K,L,N,Q,R,T,Y
A,C,D,H,K,L,P,Q,T,U,V,Y
A,B,F,G,H,I,J,K,L,M,N,P,T,U
A,C,F,H,J,K,L,N,P,S,T,U,Y
A,B,C,H,I,J,K,L,N,T,U,Y
A,B,G,H,I,J,N,T,X
B,C,F,G,H,I,J,N,O,Q,R,T,U,Y
B,C,G,H,J,K,N,T,U,V,Y
A,B,C,D,F,G,H,J,L,M,P,T,U,V
B,F,G,H,I,K,L,N,P,R,T,U,V
C,D,G,H,I,J,L,M,N,P,Q,T,U,V,Y
A,B,F,G,H,M,N,P,Q,R,T,U,V,Y
A,F,G,H,J,L,S,T,U,V
A,F,G,H,I,J,M,N,R,T,U,V,Y
C,D,F,G,H,J,K,Q,T,U,V,Y
A,B,C,F,G,H,L,M,N,P,Q,R,T,U,V,Y
A,B,G,H,J,K,N,Q,T,U,V
A,B,D,E,F,G,H,N,P,U,V,Y
A,F,G,H,K,L,M,S,T,U,V,Y
B,C,F,G,H,J,K,L,M,N,Q,R,T,U,Y
A,B,C,G,H,J,K,L,N,T,U,V,Y
A,F,G,H,J,P,T,U,V,Y
A,F,G,H,I,J,N,Q,R,T,U,V,Y
B,F,L,N,P,Q,R,T,U,V,X,Y
A,B,D,G,H,J,L,M,Q,R,T,U,V,Y
A,B,F,G,H,J,K,L,N,P,T,U,V
A,B,C,F,G,H,I,J,K,L,N,R,U,V,Y
A,F,G,H,L,N,T,U,Y
B,F,G,H,J,K,M,R,T
B,C,F,H,I,J,P,T,U,Y
A,C,G,H,I,J,K,L,P,S,T,U,V,Y
A,B,F,G,H,J,K,L,N,Q,T,U,V
A,B,C,F,I,J,K,L,N,T,U,V,Y
A,B,E,H,I,J,L,N,P,Q,U,Y
A,B,C,D,H,I,L,Q,T,U,X,Y
F,G,H,I,J,K,P,R,T,U,V,X,Y
F,G,H,K,P,R,T,U,V,X
B,F,G,H,J,K,L,R,T,U,Y
A,B,F,G,H,J,L,O,P,S,U,Y
B,F,G,H,I,J,L,N,Q,S,T,Y
A,C,G,H,I,J,L,T,U,V
A,B,D,F,G,H,J,K,L,M,P,T,U,V,Y
A,G,H,J,K,M,N,P,R,T,U,Y
B,C,H,N,O,Q,T,U,X,Y
A,G,H,K,P,T,U,V,X,Y
A,B,F,G,H,I,J,K,L,M,P,Q,R,T,U
A,B,G,H,J,K,L,N,Q,T,V
B,D,F,G,H,I,J,K,L,N,Q,T,U,V,Y
A,B,H,J,K,M,N,Q,T,U,Y
A,D,F,G,H,L,M,T,U,V,Y
A,B,C,F,G,H,I,J,K,L,M,N,Q,T,U,Y
A,B,C,F,G,H,J,K,L,M,N,P,R,T,U
A,B,E,G,H,J,K,N,S,T,U,V,X,Y
A,C,F,G,H,J,K,N,P,Q,R,T,U,V,Y
B,D,F,G,H,I,K,N,P,R,T,U,V,Y
B,C,F,G,H,J,N,P,T,U,X,Y
A,B,F,H,K,N,R,T,U,V,Y
A,B,F,G,H,I,J,L,T,U,V,X
A,D,F,H,K,L,N,R,T,U,V
B,F,G,H,J,K,L,N,R,T,U
A,B,F,G,H,J,K,N,P,Q,T,V,Y
A,B,C,F,G,H,I,J,K,L,N,P,R,T,U,V
A,B,C,H,I,J,L,M,N,Q,R,T,U,V,Y
B,D,E,F,G,H,I,J,L,Q,R,T,U
A,B,F,G,H,I,J,L,P,T,V
C,F,G,H,I,J,L,N,P,T,U,V
F,G,H,I,J,L,N,R,T,U,V,Y
B,C,J,K,L,O,P,Q,T,U,V,Y
B,F,G,H,L,P,R,T,U,Y
F,G,H,I,J,K,P,U,V,X,Y
B,G,H,J,M,P,Q,R,S,T,U,V
B,C,F,G,H,I,K,L,N,R,T,X
B,G,H,J,K,L,P,Q,T,U,Y
B,F,H,J,K,L,N,P,R,T,U,V,Y
A,B,D,F,G,H,I,K,L,N,P,T,U,V,Y
B,C,F,G,H,I,J,P,U,V,Y
A,F,G,H,I,J,K,L,N,O,Q,T,U,V,Y
A,B,C,F,G,H,K,N,P,Q,R,T,U,Y
A,C,G,H,I,J,L,M,N,R,T,U,Y
A,B,D,G,H,J,K,M,Q,T,U,V,X,Y
A,B,C,H,I,J,K,L,N,Q,R,T,U,V,Y
C,F,G,H,I,J,L,N,R,T,U,V,Y
B,D,F,G,H,I,J,L,N,P,Q,T,V,X,Y
A,G,H,I,J,K,L,N,P,Q,R,T,U,X,Y
B,C,F,G,H,I,J,K,N,P,Q,R,T,U,V
B,F,H,J,K,L,P,R,S,T,U,V,Y
A,B,G,H,J,K,P,R,U,V,Y
E,G,H,J,K,L,M,N,U,V,Y
E,G,H,J,K,L,N,Q,T,U,V
A,H,I,J,K,L,R,T,U,V,Y
A,B,C,D,F,G,J,K,L,M,N,P,Q,T,U,V,X
A,F,G,I,J,L,M,R,T,V,Y
A,B,F,G,H,J,K,L,N,Q,R,T,U,V,Y
B,F,G,H,J,K,L,N,O,T,U,V,X
A,B,D,F,G,H,J,K,L,P,R,T,U,V,X,Y
A,B,D,F,H,J,L,N,P,T,U
E,F,G,H,I,L,N,R,T,U,V
B,D,E,F,G,H,I,J,L,Q,T,U,V,Y
B,D,F,G,H,I,J,L,N,Q,R,U,V,Y
B,F,G,H,J,K,L,M,N,O,T,U,V,Y
B,E,F,G,H,J,L,P,Q,T,U,V,X,Y
B,F,G,H,I,K,L,N,P,R,T,U,V,Y
A,C,F,H,J,L,O,P,T,U,V
C,F,G,H,J,L,N,P,R,T,U,Y
A,F,G,H,I,J,L,N,P,R,S,T,U,V,Y
A,C,G,H,J,K,L,N,T,U,V,Y
A,B,C,F,G,H,J,N,P,T,U,Y
A,B,C,G,H,J,K,L,N,P,Q,T,U,V
C,E,F,G,H,J,K,L,N,P,U,V,Y
A,B,G,H,J,K,L,M,P,Q,T,U,X
B,F,G,H,J,L,M,S,T,U,Y
B,C,F,G,H,J,K,L,M,P,T,U,V,Y
B,F,G,H,K,L,M,P,R,T,U,V
A,B,D,E,F,G,H,K,L,N,T
A,B,F,G,H,I,L,T,U,X,Y
A,C,D,F,G,H,J,K,L,N,O,P,R,T,U,V
A,B,F,G,H,J,K,P,R,U,V,Y
A,B,C,F,G,H,J,K,L,P,Q,T,U,V,X,Y
A,B,C,E,F,G,H,K,L,P,R,T,V,Y
A,B,D,F,G,H,I,J,N,P,Q,T,U,V,Y
F,G,H,I,J,M,N,T,U,V,Y
A,B,F,G,H,I,J,L,N,R,T,U,V,Y
B,C,G,H,I,J,L,N,Q,T,V,Y
A,B,F,G,H,I,J,K,L,N,P,R,T,U,V,Y
A,B,G,H,J,K,M,Q,R,U,V,Y
A,B,G,H,I,M,N,P,R,T,U
A,B,F,G,H,I,J,L,P,U,V,Y
B,F,G,H,I,L,N,P,R,T,U,V,Y
A,B,F,G,H,I,K,L,P,Q,T,U,V
A,B,H,J,K,L,N,R,T,U,Y
A,G,H,I,J,L,N,P,T,U,Y
B,F,G,J,K,L,N,P,Q,R,S,T,U,V,X,Y
A,B,C,I,J,M,N,P,Q,R,T,U,Y
B,F,G,H,J,K,M,P,R,T,U
A,B,C,G,H,J,K,L,M,N,T,U,V,X,Y
A,B,H,J,L,N,P,S,T,U,X,Y
A,B,F,G,H,J,K,Q,R,T,U,V,X,Y
A,B,F,G,H,J,K,L,N,O,P,T,U,Y
A,B,C,F,H,J,L,N,Q,T,V,X,Y
A,B,F,G,I,J,L,Q,T,U,V,Y
A,B,C,G,H,K,L,M,N,T,U,V,Y
A,B,F,H,I,J,K,N,P,R,T,U,V
B,F,G,H,I,K,Q,R,T,U,V,Y
A,F,G,H,I,J,K,L,N,P,Q,T,U,Y
A,B,C,G,H,J,L,N,P,Q,R,T,U,Y
B,D,F,H,I,J,K,L,N,P,Q,R,T,U,X
A,C,F,H,I,J,K,M,N,P,T,U,Y
A,B,F,G,H,J,L,N,P,Q,S,T,U,V,Y
A,B,F,G,H,J,L,N,P,T,U,V,Y
A,C,D,F,G,H,J,K,N,P,Q,R,T,V,Y
A,C,F,G,H,I,J,K,L,M,N,O,Q,T,V,Y
A,B,C,F,G,H,I,K,N,O,P,T,U,V
A,B,F,G,H,I,J,L,N,P,T,V,X,Y
A,B,C,F,G,H,J,K,N,P,T,U,V
A,D,F,G,H,J,K,L,N,R,T,U,V,X,Y
B,C,F,G,H,I,J,K,L,T,U,Y
B,D,F,H,J,K,L,N,O,T,U,Y
A,B,C,F,G,H,L,N,T,U,V
A,F,G,H,J,K,L,M,N,R,T,V,X,Y
B,E,F,G,H,I,J,N,P,U,V
E,F,G,H,J,L,P,Q,T,U,V,Y
B,F,H,J,K,L,N,P,Q,R,T,V
C,H,I,J,K,M,N,R,T,U
A,B,F,H,J,P,Q,T,U,V
B,C,F,G,H,J,N,O,Q,R,T,U,V,Y
A,B,C,E,F,G,H,J,K,L,Q,R,T,U,Y
C,H,J,L,O,Q,T,U,V,X,Y
B,F,H,I,J,K,N,Q,T,U,V,X,Y
A,B,D,G,H,L,P,T,U,Y
A,C,F,G,H,I,J,L,M,N,P,T,U,V,Y
A,H,I,J,K,L,N,Q,R,S,T,U,V,X
B,C,F,G,H,I,J,K,L,M,N,Q,T,U,Y
A,B,F,G,H,J,L,N,R,T,U,V
A,C,F,G,H,J,K,N,Q,T,U,V,Y
A,B,F,G,H,I,L,N,T,U,V
F,G,H,I,J,K,L,P,T,U,V,X,Y
A,B,C,F,G,H,J,K,L,N,R,T,U
A,B,C,G,H,J,K,N,T,U
A,B,D,G,H,I,J,M,N,P,Q,R,V,X,Y
A,B,F,I,J,K,T,U,V
B,D,E,G,H,K,L,N,P,Q,R,T,U,V,X,Y
A,C,F,G,H,I,J,N,T,U,Y
A,C,F,G,H,J,K,L,M,N,P,Q,R,T,U,Y
A,B,G,H,I,J,K,N,Q,T,V,Y
B,F,G,H,J,L,N,P,Q,R,T,U,V
B,F,H,J,L,M,P,R,T,U,V
A,B,F,G,H,J,K,L,N,P,R,T,U,V,Y
A,B,G,J,K,L,N,O,P,T,U,V,Y
A,C,F,G,H,I,K,L,N,P,T,U,V
A,B,F,G,H,J,L,N,O,P,U,V
B,D,F,H,J,K,L,T,U,Y
A,D,F,G,H,I,J,K,L,M,N,T,V,Y
A,B,F,G,H,I,J,L,T,U,V,Y
A,B,C,F,G,H,I,J,L,M,P,Q,R,T,U,V
B,F,H,J,M,R,T,U,Y
A,B,C,F,G,H,I,J,R,T,U,V,X,Y
C,F,H,J,K,L,P,T,U,X,Y
B,F,G,I,M,P,R,T,U,V,Y
A,B,D,F,G,H,K,L,N,P,U,Y
A,B,C,F,G,H,J,K,M,N,O,P,R,U,V,Y
A,B,F,H,I,J,K,P,R,S,T,U,V,Y
A,F,G,H,K,L,M,N,O,R,T,U,V,Y
A,B,F,G,H,J,N,Q,T,U,X,Y
B,G,H,N,P,Q,R,T,U,X,Y
F,G,H,K,L,P,T,U,V
A,B,D,G,H,J,K,O,R,T,U,V,Y
A,B,C,G,H,J,K,M,N,S,T,U,V,Y
A,B,F,G,H,J,K,L,N,P,Q,S,T,U,V,Y
A,F,G,H,J,K,L,N,Q,R,T,U,Y
B,F,G,H,J,L,M,P,Q,T,U,V
F,G,H,J,K,L,M,R,T,U,V,Y
B,G,H,J,K,L,N,Q,T,U,Y
A,H,J,L,T,U,Y
F,G,H,K,O,Q,R,T,V
A,B,C,E,F,H,K,M,N,P,Q,R,T,U,V,X,Y
B,C,F,G,H,J,K,L,N,P,Q,T,U,V,X,Y
B,F,G,H,J,N,Q,R,T,U,V,Y
A,B,G,J,K,P,R,T,U,V,Y
A,B,F,G,H,J,K,M,N,R,T,U,V,Y
B,F,G,J,K,L,M,N,P,R,T,U,V,X,Y
A,B,C,F,G,H,J,K,L,N,P,Q,T,U,Y
A,F,G,H,I,J,K,L,N,Q,R,T,U,V,Y
B,E,F,H,I,J,L,N,P,Q,R,T,U,V
C,F,G,H,N,T,U,V
A,B,E,F,G,H,I,J,K,L,N,Q,R,T,U
C,F,G,H,J,K,P,T,U,X,Y
A,B,C,F,H,I,K,O,P,Q,R,T,U,Y
A,B,F,H,J,L,M,N,T,Y
A,B,C,G,H,J,K,N,P,R,T,U,V
A,C,F,G,H,L,P,T,U,V,Y
A,B,F,G,H,I,J,K,L,M,N,P,Q,R,T,U,Y
G,H,I,J,P,S,T,U
B,C,H,J,K,L,M,N,P,Q,U,Y
A,B,H,I,J,L,M,N,Q,T,V
B,D,G,H,J,K,L,N,T,U,X,Y
B,C,F,T,U,Y
B,F,G,H,J,L,N,R,T,U,V,X,Y
A,B,C,E,G,H,K,L,N,R,T,U,V,X,Y
A,F,H,I,J,M,N,Q,R,U,V,Y
B,C,F,G,H,J,K,L,N,Q,R,T,U,Y
B,C,D,G,H,J,K,M,P,Q,R,T,U,V,Y
B,F,G,H,J,K,N,P,S,T,U,V,X,Y
B,F,G,J,K,L,N,P,Q,T,U
B,F,G,H,J,K,N,O,P,T,U,V,Y
A,C,D,F,G,I,J,K,M,N,P,Q,R,T,U,V,Y
A,C,F,G,H,J,K,P,R,U,V,Y
A,B,C,F,H,I,J,L,N,P,R,T,U,V,Y
A,B,C,F,G,H,I,J,K,L,N,T,U,V,Y
B,E,F,G,J,K,M,P,Q,T,U,Y
F,G,H,I,L,M,P,Q,R,T,U
B,F,G,H,K,L,Q,T,U,V,Y
B,F,G,H,J,L,N,R,T,U,V,Y
A,B,G,H,I,J,K,L,N,P,Q,T,Y
A,B,E,F,H,M,Q,T,U,Y
A,B,D,F,G,H,J,L,Q,R,S,T,U,V
A,B,E,F,H,J,L,N,P,T,U,V,Y
B,C,G,H,L,N,P,Q,T,U,Y
A,B,F,G,H,J,L,N,Q,T,U,V,Y
A,F,G,H,J,K,L,M,N,T,U,Y
A,B,F,H,I,J,N,O,P,R,S,U,V,Y
A,B,H,J,K,L,N,P,Q,T,U,V
B,F,G,H,J,K,L,P,R,T,U,Y
B,C,F,G,H,J,L,M,N,O,Q,T,U,V,X,Y
A,B,C,F,G,H,J,K,N,P,Q,T,U,V,Y
B,C,F,G,I,J,K,P,Q,T,U,V,Y
B,F,G,H,I,J,K,L,M,N,Q,T,U,Y
D,G,H,I,J,K,L,P,Q,R,T,U
A,B,F,G,H,J,K,L,M,P,Q,R,T,U,V,Y
B,C,G,H,K,L,N,P,Q,T,U,Y
D,G,H,J,L,N,O,P,R,T,U
B,D,F,G,H,I,J,L,N,P,R,T,U,Y
B,C,D,F,G,H,J,K,N,T,U,V,Y
A,B,C,F,G,H,J,K,L,M,N,P,T,U,Y
C,F,G,H,I,J,N,P,Q,T,U,V,Y
B,C,F,G,H,I,J,L,Q,T,U,V,Y
A,B,F,G,H,I,J,K,L,M,Q,T,U
B,H,I,J,K,L,P,Q,R,T,U
A,B,F,G,H,J,K,L,M,N,P,Q,T,U,X
B,H,J,K,N,R,T,U,V,Y
C,D,F,G,H,J,L,N,O,Q,R,S,T,U,Y
A,B,D,H,I,J,N,O,P,Q,T,U,V,Y
B,F,G,H,J,K,L,N,P,T,U,V,Y
A,B,D,F,G,H,J,K,L,P,Q,T,V
B,C,F,G,H,J,P,Q,R,S,T,U,X,Y
A,F,G,H,J,P,T,U,V,X,Y
A,B,C,F,G,H,J,K,P,U,V,Y
A,B,G,H,I,J,K,L,N,O,P,R,T,U,Y
A,B,C,G,H,M,N,U,X
A,F,H,J,P,T,U,Y
A,B,F,G,H,J,K,L,N,O,P,R,T
A,B,C,F,G,H,I,J,K,L,N,R,T,U,V
A,D,F,G,H,J,L,N,P,R,T,U,Y
A,B,C,G,H,I,K,L,P,Q,T,U,V,Y
B,F,G,H,J,K,L,Q,T,U,V,Y
A,B,F,G,H,I,J,K,L,R,T,U,V,Y
A,B,F,G,H,J,K,N,P,Q,R,T,U,V
A,B,C,F,G,H,I,J,L,N,O,P,R,T,U,V,Y
A,G,H,I,J,N,R,T,U,Y
A,F,H,J,L,M,N,P,Q,T,U,V,X,Y
A,B,I,K,N,Q,T,U,V,Y
C,G,H,J,K,L,N,P,Q,R,S,T,U,V,Y
A,B,D,F,G,H,J,M,N,R,T,U,V,Y
A,B,F,G,H,J,L,O,P,R,T,U,V,X,Y
A,B,H,I,J,K,L,P,Q,R,U,Y
A,B,F,G,H,I,J,K,L,M,N,P,R,T,U,V
B,F,G,J,L,M,N,P,Q,R,T,U,V,X,Y
A,B,F,G,H,J,L,N,P,R,T,U,V,X
A,B,D,F,G,H,I,J,K,L,R,T,U,V,Y
F,G,H,J,K,L,M,R,T,U,V,Y
A,G,H,K,L,N,P,T,U,Y
D,F,G,H,I,K,L,M,P,T,U,V,Y
B,C,F,G,H,J,K,L,P,Q,R,V
A,G,H,I,J,K,L,N,P,Q,U,V,Y
A,B,C,F,H,J,K,N,P,T,U,V,Y
A,B,F,G,H,J,L,N,P,Q,R,U,Y
A,B,F,H,J,K,Q,T,U,Y
A,B,E,F,G,H,J,K,L,N,P,R,T,U,Y
B,D,F,G,H,I,J,K,L,N,P,Q,T,U,Y
A,B,F,G,L,M,O,Q,T,U,V,X,Y
A,B,H,I,J,K,L,M,N,T,U,V,Y
B,F,G,J,L,N,P,Q,T,V
G,H,J,K,L,M,P,R,T,U,X,Y
A,B,F,H,J,L,S,T,U,V
A,G,L,T,U,V,Y
A,B,E,F,G,H,I,J,K,L,M,N,P,R,T
A,B,C,F,G,H,K,L,M,N,R,T,U
A,D,E,F,G,H,J,L,N,Q,T,U,V,Y
A,F,G,H,J,K,L,M,N,P,T,V,X,Y
B,F,G,H,J,K,R,S,T,U,V,X,Y
B,C,F,G,H,I,J,K,S,T,U,X,Y
A,B,F,G,H,J,K,L,N,P,Q,T,U,V,X,Y
A,B,C,F,G,H,N,O,P,R,S,T,U
B,C,F,H,J,K,M,N,P,R,T,U,Y
A,B,F,H,L,N,Q,R,T,U,Y
B,G,H,J,K,N,T,U,V
B,E,F,H,I,L,N,U,V,Y
A,B,F,H,K,L,M,P,T,U,V,Y
B,C,G,H,I,J,K,L,M,T,U,V,Y
B,C,D,F,G,H,J,K,L,M,N,Q,T,U,V,Y
B,C,D,F,G,H,L,N,P,Q,R,U,V,Y
A,B,G,H,I,J,L,N,O,P,T,U
A,B,C,F,G,H,K,L,Q,R,T,U,V,Y
A,F,G,H,J,K,L,M,N,P,R,T,Y
A,E,F,G,H,K,N,O,Q,T,U,V,Y
A,B,F,H,I,J,L,M,N,P,T,U,X,Y
A,C,F,G,H,J,M,N,P,R,T,U,Y
B,C,F,G,H,J,P,Q,T,U,V,Y
F,G,H,I,J,K,N,P,R,T,U
B,F,G,H,L,P,T,U
F,H,I,J,L,Q,T,U
A,F,G,H,I,K,N,Q,R,T,U,V,X,Y
A,B,D,G,H,J,K,L,M,N,P,Q,T,U,X
A,B,F,G,K,N,P,T,U,V,Y
B,F,G,H,L,Q,R,S,T,U,V,Y
A,B,F,H,J,K,L,M,O,P,Q,T,U,V,Y
A,C,D,F,H,J,L,N,R,T,U,V,Y
A,F,G,H,I,J,K,P,Q,T,U,V
A,F,G,H,J,K,L,P,U,Y
A,B,G,H,J,K,N,P,Q,T,U,V,Y
B,C,G,J,L,N,P,Q,T,U,V
B,C,E,F,G,H,I,J,K,M,N,R,T,V
B,D,G,H,K,L,Q,T,U,V,Y
A,F,G,H,I,K,L,N,P,R,T,U
B,F,G,H,I,J,K,L,Q,R,U,V
B,F,G,H,J,K,L,M,N,Q,R,T,U,V,Y
A,F,H,J,L,N,P,Q,T,U,V,Y
A,B,C,F,G,H,J,K,L,N,P,R,T,U,V
A,F,G,H,J,L,M,P,Q,R,T,V,Y
A,C,G,H,J,M,N,R,T,U,V,Y
E,F,G,I,J,K,M,Q,R,T,U,V,X,Y
A,B,C,D,F,G,H,J,M,N,T,U,X,Y
A,B,C,D,E,F,G,H,J,L,N,T,U,V,X,Y
A,F,G,J,K,L,R,T,U
B,C,D,F,G,H,I,J,Q,R,T,U,V,X,Y
B,C,F,G,H,I,J,L,Q,T,U,Y
B,F,H,I,J,K,N,P,Q,R,T,U,Y
A,B,G,H,J,K,L,M,N,P,Q,R,T,U,V,Y
A,F,G,H,I,J,L,N,P,Q,T,V,Y
A,B,F,G,H,K,L,N,T,U,V,Y
E,F,H,I,J,K,L,N,P,Q,R,S,T,U,V,Y
C,G,H,L,Q,T,U,V,Y
B,F,G,H,I,K,L,M,R,T,U,V,X
A,F,G,H,I,J,K,M,N,P,R,T,U
B,F,G,I,J,K,L,M,P,R,T,U,Y
B,C,G,I,J,K,L,M,N,T,U,X,Y
B,H,J,L,M,R,T,U,V
B,F,G,H,I,J,K,L,M,N,P,Q,R,T,U,Y
A,B,F,G,H,J,L,N,S,T,U,V,Y
B,C,G,H,J,K,L,N,P,Q,T,U,V,X
B,F,G,H,J,M,P,Q,T,U,V
F,G,H,I,J,K,N,P,Q,T,U,Y
B,D,E,G,I,J,K,M,Q,R,S,T,U
A,B,D,F,G,H,J,K,L,P,Q,T,U,Y
B,F,G,H,L,P,Q,R,T,U,V,Y
B,F,G,H,I,J,L,N,Q,T,U,X,Y
A,B,F,G,H,K,N,P,Q,T,U,V,Y
A,B,E,G,J,K,L,M,P,Q,R,T,U
B,C,D,F,G,J,P,T,U,V,Y
A,B,F,G,H,I,J,M,N,T,U,Y
A,B,F,G,H,I,J,K,N,R,T,U,Y
B,G,J,K,L,N,P,Q,T,U,V
A,B,F,G,I,J,K,L,P,Q,S,T,U,Y
A,D,F,G,H,L,S,T,U,V,Y
A,B,F,G,H,J,K,L,N,P,Q,R,U,V,Y
C,G,I,J,K,L,M,N,P,R,T,U,V,Y
A,B,C,F,G,H,I,J,K,U
B,F,G,H,J,K,L,N,R,T,U,V,Y
G,H,J,K,N,P,T,U,Y
A,B,F,G,I,J,K,P,Q,T,U,V,Y
A,G,H,I,J,K,L,N,T,U,Y
A,F,G,H,J,K,L,P,T,U,X,Y
B,F,G,H,K,L,P,Q,R,T,U,V,Y
B,C,D,F,H,K,L,N,P,U
A,B,E,F,G,H,I,J,K,M,N,T,U,V,Y
A,B,E,F,H,I,J,L,N,Q,T,U
A,F,G,H,J,K,N,P,S,T,U,V,Y
B,F,H,I,J,L,P,S,T,U,V
A,C,D,J,K,L,N,P,Q,R,T,U,V,Y
A,B,C,F,G,H,J,L,M,N,T,U,Y
F,G,H,I,J,K,L,N,T,U,V,X,Y
A,B,C,F,G,H,J,K,L,M,N,P,Q,T,U,Y
A,C,F,H,J,P,Q,T,U
B,F,G,H,I,J,L,N,R,S,T,U,V
A,B,F,H,J,K,L,N,Q,T,U,V,Y
A,B,C,F,G,J,L,N,P,R,T,U,V,Y
B,F,G,H,J,K,M,R,T,U,Y
B,G,H,J,N,T,U,Y
A,B,G,H,J,L,R,S,T,U,V,Y
C,D,F,G,I,J,K,L,M,N,P,R,T,U,V,Y
B,C,H,J,K,N,P,T,U,V
A,B,C,F,G,H,J,N,P,R,T,U,V,Y
A,B,C,F,G,H,I,L,Q,R,T,U
A,F,G,I,J,K,L,M,P,T,U,V,Y
A,G,H,J,K,N,Q,R,T,U,V,Y
B,G,H,I,J,K,L,N,P,S,T,U,V
C,D,G,J,K,M,N,Q,T,U,Y
B,F,G,I,J,K,L,O,P,Q,S,T,U,V,X,Y
A,B,F,H,J,L,N,U,V,Y
A,B,C,D,E,G,H,K,L,P,R,T,U,V,Y
A,B,E,F,G,H,L,M,R,S,T,U,Y
A,B,F,G,H,I,K,M,U,Y
B,C,D,F,G,H,I,J,L,N,Q,S,T
A,B,E,H,J,K,L,M,N,P,Q,R,T,U,V,Y
A,B,C,D,F,G,H,J,L,N,O,Q,R,T,U,Y
A,B,C,G,H,J,L,Q,T,U,V
A,B,E,G,H,J,L,M,N,P,R,S,U,V,Y
B,C,F,G,H,J,N,Q,R,T,U,V,Y
B,F,H,I,J,K,L,N,P,Q,R,T,U,Y
A,C,F,G,H,K,L,N,O,P,R,T,V,Y
A,G,H,J,K,L,N,P,S,T,U,Y
B,C,F,G,H,J,L,N,Q,T,U,V,Y
A,B,G,H,J,K,L,N,Q,T,U,Y
A,F,G,H,J,K,L,O,R,T,U
D,F,G,H,M,N,Q,T,U,V,Y
A,F,G,H,I,J,K,L,N,Q,R,U,V,Y
A,B,C,D,E,F,H,J,N,Q,R,T,U,V
A,B,C,G,H,I,J,K,P,R,T,U,V
A,B,F,G,I,J,N,R,T,U,V,Y
A,C,F,G,H,J,K,L,N,Q,T,U,V,X,Y
A,C,F,H,I,J,K,L,P,T,U,Y
A,B,G,H,I,J,K,N,Q,T,U,Y
A,B,F,G,H,K,L,N,P,Q,T,U,V,Y
A,B,C,F,G,H,L,M,N,O,T,U,V,Y
A,F,G,H,J,L,N,P,Q,R,T,U,V
B,F,G,H,J,P,R,T,U
A,B,D,G,H,I,J,L,T,U,V
B,F,G,H,I,J,K,L,N,O,Q,T,V
A,B,F,G,H,I,J,L,N,P,Q,R,T,U,Y
B,D,G,H,I,J,K,L,N,P,Q,T,U,Y
A,B,C,F,G,H,J,K,L,Q,R,S,T,U,V,Y
A,B,F,G,H,J,L,N,P,T,U,V
A,B,C,F,G,H,J,L,N,P,R,T,V,Y
A,B,C,F,G,H,J,K,L,N,O,Q,U,V
A,B,E,F,G,H,J,K,L,N,Q,T,U,V,Y
B,D,F,G,H,L,Q,R,T,U,V,Y
A,B,F,G,H,I,J,K,L,N,R,T,U,V,X,Y
B,F,H,J,K,L,N,P,Q,U,V,X,Y
A,B,G,H,I,L,M,T,U,Y
A,B,H,I,J,K,L,N,Q,R,T,U,V
F,G,H,I,J,N,P,T,U,V,X,Y
A,B,F,G,H,J,L,M,N,O,P,Q,T,U,Y
A,B,G,J,M,P,Q,T,U,V,Y
B,D,F,G,H,L,M,N,P,Q,T,U,V,X
A,G,H,I,K,L,P,Q,U,V
A,C,F,H,I,K,L,N,R,T,U,Y
B,F,G,H,I,J,K,L,N,Q,R,T,U,V,Y
A,B,F,G,J,L,P,T,U,V,X,Y
B,C,H,J,L,N,P,Q,R,T,U,V
A,B,D,F,G,H,J,K,L,N,P,Q,T,U,V,Y
A,B,F,H,I,K,L,M,N,P,Q,T,U,V
A,B,E,F,G,H,J,K,L,S,U,X
B,H,I,J,K,L,N,P,R,T,U,V,Y
A,B,E,F,G,I,J,N,P,R,T,U,V,Y
A,B,G,H,I,N,Q,U,V,Y
B,F,G,H,J,K,L,M,N,R,T,U,V,X
A,B,D,F,G,H,I,J,K,T,U,V,Y
B,F,H,I,J,L,P,T,U
A,B,F,G,H,J,K,L,P,Q,T,U,Y
A,B,F,G,H,I,J,K,L,P,T,U,V,X
A,B,F,G,H,I,J,L,N,P,T,U,V
B,D,F,G,H,I,J,K,N,P,Q,R,T,U,Y
A,G,H,I,J,K,L,P,Q,T,U,V,Y
B,C,G,H,K,L,N,T,U,Y
A,B,D,F,G,H,I,K,L,N,P,Q,R,T,Y
A,C,D,F,G,H,J,L,O,T,U,Y
B,G,H,J,K,M,N,T,U,V,Y
F,G,H,K,L,O,P,Q,T,V,X,Y
B,F,G,H,J,K,L,M,N,P,Q,T,U,Y
A,C,E,F,G,H,I,J,K,L,M,N,P,Q,V,Y
B,C,F,G,H,J,K,L,N,P,R,T,U,X
B,F,G,H,J,L,N,R,T,U,V,Y
B,D,F,H,J,K,L,N,P,R,U
A,B,D,F,G,H,J,L,P,R,T,U,V,Y
A,F,G,H,I,J,K,L,P,R,S,T,V,Y
B,G,H,J,K,M,R,T,U
B,C,F,G,H,J,K,L,N,Q,R,T,U,V,X,Y
A,C,D,G,H,K,N,P,T,U,V,Y
A,B,G,H,J,L,N,T,U,V,Y
B,C,F,G,H,I,J,N,O,P,Q,T,U,X,Y
A,B,C,F,G,H,J,L,R,T,U,V,Y
A,B,F,G,H,J,K,L,N,P,T,U,V,Y
B,G,H,I,J,N,Q,T,U,V,Y
C,G,H,I,J,K,L,N,R,T,U,V,Y
A,C,G,J,K,L,N,P,T,U,V
A,B,F,G,H,I,J,K,M,R,T,U,V,X
A,B,C,F,G,H,J,K,L,M,S,T,U,V,Y
A,C,D,F,G,H,I,J,P,T,U
A,C,F,G,H,I,J,K,L,M,N,P,R,T,U
F,G,H,I,J,N,P,Q,T,U,V,Y
A,B,C,E,F,J,L,N,P,R,U,V,Y
A,F,G,H,J,M,R,T,Y
A,B,F,H,I,J,K,L,N,Q,R,T,U,V,X,Y
G,H,I,J,N,P,Q,T,U,X,Y
B,F,G,H,K,L,N,P,T,U
A,B,G,H,L,M,N,Q,T,U,Y
A,B,C,F,H,I,J,N,P,T,U,V,Y
A,B,F,G,H,I,J,L,M,N,Q,T,U,Y
A,B,C,D,F,H,N,Q,T,U,Y
A,F,J,K,L,N,P,T,U,V,Y
A,B,C,D,F,G,H,K,L,N,Q,U,Y
A,B,F,G,H,J,K,L,P,T,U,Y
A,B,C,F,G,H,I,J,L,P,U,V,Y
A,B,D,G,H,I,J,K,L,M,N,P,Q,R,T,U,X,Y
B,F,G,H,J,K,L,M,N,Q,T,U
A,B,G,J,L,M,P,Q,T,U,X,Y
A,G,H,J,K,L,N,Q,T,U,V,Y
A,C,F,G,H,J,K,L,T,U,Y
A,B,F,H,J,N,Q,T,V
A,B,C,F,G,H,I,J,K,L,N,P,R,T,U,Y
A,B,F,H,K,M,N,T,U,V,Y
B,F,G,H,J,K,L,M,N,Q,T,U,V,X,Y
A,B,F,G,H,J,K,N,P,Q,R,T,V,Y
B,C,G,H,I,J,K,L,N,Q,T,U,V
F,G,H,I,K,L,N,P,Q,R,T,U,V,X
A,B,D,F,G,H,J,L,M,P,T,U,X,Y
E,F,G,H,J,K,L,P,T,U,V,Y
A,B,C,F,G,I,J,K,L,R,T,U,Y
A,B,G,H,J,K,L,M,N,Q,R,T,U
A,G,H,L,N,P,Q,R,T,U
B,C,F,G,H,K,L,N,Q,T,U,Y
A,C,G,H,J,K,L,N,P,R,T,U
A,F,G,H,J,K,L,N,P,T,U,Y
A,B,D,F,H,J,K,N,P,T,U,V,Y
A,B,G,H,J,L,N,R,S,T,U,Y
B,G,H,J,K,L,R,T,U,V
A,F,G,H,I,J,K,O,P,T,U,V,X,Y
A,F,G,H,J,K,L,N,U,V,X,Y
A,B,F,G,H,J,L,N,P,R,T,U,V
A,B,F,G,H,I,J,K,L,N,T,U,Y
F,G,H,J,K,L,M,N,P,T,U,V
B,F,G,H,J,K,L,N,P,T,U,V,Y
D,G,H,I,K,L,N,Q,T,U,X,Y
B,C,F,G,H,J,L,N,T,U,Y
A,B,C,G,H,I,J,L,M,N,P,T,U,V,Y
A,B,F,G,H,I,J,K,L,N,O,T,U,V,Y
B,C,F,H,I,K,N,P,Q,R,T,U,V,Y
A,G,H,I,J,M,P,R,T,U,V,Y
A,B,F,G,H,J,N,T,V,Y
F,G,H,J,L,M,N,R,T,U,V,Y
F,G,H,J,K,M,P,R,S,T,U,V,Y
A,E,F,G,H,L,N,Q,R,T,U,V
A,B,C,F,G,H,I,J,L,P,Q,R,U,V,Y
A,F,G,H,J,K,L,M,N,P,R,T,U,V,Y
A,B,F,G,H,I,J,K,L,N,R,T,U,X
A,D,E,G,I,J,K,L,P,T,U,Y
A,B,E,F,G,H,J,K,L,N,R,T,U,V,Y
A,D,F,G,H,J,K,L,N,T,U,Y
A,F,G,H,J,L,N,P,R,T,U,X
B,F,G,H,J,K,L,M,O,P,Q,R,T,V
A,B,C,F,J,K,L,T,U
A,B,F,G,H,J,K,L,P,Q,R,T,U,V
A,H,I,J,K,P,Q,T,U,Y
D,G,H,J,N,Q,S,T,U,X,Y
A,C,E,F,G,H,J,K,M,N,P,Q,T,U,V,Y
B,G,H,I,K,L,N,P,R,S,T,U,V,Y
A,B,D,G,H,I,J,K,L,M,N,O,P,Q,R,S,T,Y
A,B,D,E,F,G,H,J,K,L,N,Q,R,T,U,V,X,Y
A,B,F,G,H,J,K,N,Q,T,U,V
A,C,F,G,H,J,K,L,N,R,S,T,U,V
B,C,F,G,H,L,N,P,T,U
F,H,J,K,L,R,T,U,V
A,B,G,H,J,L,M,P,Q,R,T,U,V,Y
A,B,C,F,H,J,K,N,P,Q,R,T,U,V,Y
A,B,C,G,H,I,J,K,N,P,Q,T,U,V,Y
A,B,F,H,J,L,M,R,U,Y
A,B,C,F,H,L,Q,R,T,U,V,Y
A,G,H,J,K,M,N,Q,T,U,V,X,Y
A,E,F,G,H,J,K,L,N,P,T,U,V,X,Y
A,B,C,F,G,H,J,K,L,N,P,T,V,Y
B,F,H,I,J,L,P,R,T,U,V,X,Y
A,B,C,F,H,I,J,K,L,N,Q,T,U,V,Y
B,D,F,G,H,I,L,N,P,T,U,X
A,B,F,H,J,K,N,T,V,Y
A,B,F,G,H,J,K,L,Q,T,U,V,Y
A,B,G,H,L,O,P,T,U,V
A,B,F,G,H,J,K,L,N,Q,R,T,U,V
B,F,G,H,J,K,N,P,R,T,U
A,F,G,H,I,J,K,L,P,T,U,Y
B,C,G,H,J,L,N,P,T,U,V,Y
A,B,C,F,H,J,L,N,P,Q,R,U,Y
B,E,F,G,H,J,L,N,P,R,T,U,V,Y
F,G,H,L,N,Q,T,U
B,C,F,G,H,I,J,Q,R,T,U,V
A,B,D,F,G,H,J,L,N,Q,T,U,V,Y
A,B,H,J,K,N,P,Q,R,T,Y
A,B,C,F,H,I,J,K,L,N,Q,T,U,X,Y
A,B,G,H,J,L,N,P,R,T,V
A,D,F,G,H,J,K,P,T,U
A,B,D,G,H,K,L,M,N,P,Q,S,T,U,X,Y
B,D,F,G,H,I,J,K,L,M,N,Q,T,U,V,Y
A,B,F,I,M,T,V,X,Y
A,B,C,E,H,J,K,L,R,T,U,V,X,Y
A,B,D,F,G,H,I,J,P,T,V
A,B,C,D,F,G,H,I,J,L,R,T,U
C,D,F,G,L,N,O,T,U,X,Y
A,B,C,D,F,H,J,L,N,P,R,T,U,V,X,Y
D,F,G,J,L,M,N,R,T,U,V,Y
A,B,C,F,G,H,I,J,P,Q,R,T,U,Y
A,B,C,F,G,H,J,L,P,Q,T,U,V,X,Y
A,B,F,G,H,J,K,L,M,O,T,U,V
B,G,H,I,J,L,Q,R,T,V,Y
A,B,C,D,F,G,H,I,K,L,N,P,T,U,V,X,Y
C,H,J,K,L,N,P,T,U,V,Y
A,B,D,G,H,K,L,N,R,T,U,V,Y
B,D,F,G,H,J,K,L,Q,T,U,Y
A,B,D,F,H,L,N,P,Q,R,T,U,X
G,H,I,J,L,P,R,T,U,V,X,Y
A,B,C,F,G,H,I,J,K,N,P,R,T,U,V
A,B,D,H,K,L,N,R,T,U,V,Y
B,D,F,H,I,J,L,P,Q,T
A,B,F,G,H,J,K,L,M,N,P,Q,T,V
A,F,G,H,I,J,K,L,N,Q,R,T,U,V,X
B,C,F,H,I,J,L,N,P,Q,R,T,U,Y
C,G,H,J,L,T,U,V,Y
A,B,C,F,G,H,K,L,M,N,Q,R,T,U,Y
F,G,J,L,M,N,O,Q,T,U
A,B,F,G,H,J,K,L,N,R,T,U,V,Y
A,C,F,H,J,K,L,N,P,R,T,U,V,Y
A,F,G,H,J,K,L,N,P,R,U,V,Y
A,B,D,E,F,G,H,I,J,L,M,N,O,P,R,T,U,V
A,B,C,G,H,K,M,U,V
B,F,G,H,J,O,P,T,U,V,X,Y
A,C,D,F,H,J,K,L,P,Q,R,S,T,U,V,X,Y
A,B,C,H,J,L,M,N,R,T,U,Y
A,F,G,H,K,L,N,S,T,U,V
A,B,F,G,H,J,K,L,N,O,P,Q,R,T,U,V,X,Y
B,F,G,H,J,Q,R,T,U,Y
E,F,H,J,K,M,N,Q,R,T,U,V,Y
A,B,G,H,J,K,L,M,N,P,Q,R,T,U,Y
F,G,H,J,L,N,R,T,U,V
A,B,C,F,H,J,K,L,N,T,U,V
A,B,F,G,H,L,N,T,U,V,Y
A,B,C,E,G,H,I,J,O,Q,R,T,U,V
A,B,C,E,F,H,J,K,T,U,V,Y
A,B,G,H,I,J,K,N,Q,T,U,V,X
A,B,C,F,G,H,K,L,N,O,P,Q,R,S,T,U,X,Y
A,B,E,F,G,H,J,L,N,P,R,T,U,V,X,Y
B,H,J,K,L,M,N,P,Q,R,U,V,Y
A,B,C,F,G,H,J,L,P,R,T,U,V
B,D,F,G,I,J,K,L,M,N,Q,U,X,Y
B,F,G,H,J,K,L,M,N,P,R,T,U,Y
F,G,I,J,K,L,N,P,S,T,U,V,Y
A,B,C,D,G,H,I,J,K,M,N,T,U,Y
B,C,F,G,H,I,J,K,L,N,Q,T,U
A,B,F,G,H,J,K,L,M,N,P,Q,R,T,U,V,X,Y
B,E,F,G,H,J,K,L,P,T,U,V,Y
B,D,F,H,J,K,L,N,P,U,Y
A,B,C,G,H,I,J,L,N,P,R,T,U,Y
B,G,H,J,K,L,M,N,P,R,T,U,V,Y
A,B,H,J,K,M,N,O,R,T,Y
A,B,C,F,G,K,L,N,R,T,U,V,X,Y
D,G,J,K,R,T,U,V,Y
A,B,D,H,J,K,L,N,P,T,U,V,X,Y
A,C,F,G,H,J,K,L,N,P,R,U,V,Y
A,B,C,F,G,H,I,J,K,L,N,Q,R,T,U,Y
A,B,C,F,G,H,J,L,M,P,Q,T,U,V,X,Y
C,F,G,H,I,J,K,L,N,P,T,U,V
A,B,C,D,H,I,J,K,L,T,U,V,X,Y
A,B,F,G,H,I,J,K,L,N,O,P,S,T,U,V,Y
A,B,C,F,G,H,I,J,L,N,T
B,F,H,I,J,N,Q,T,U,V,Y
F,H,J,K,L,T,U,Y
B,C,F,G,K,L,N,Q,R,T,U,V,Y
A,B,F,G,H,K,P,T,U,V
A,B,F,G,H,J,K,N,P,U,V
B,F,G,H,J,K,L,M,Q,T,U,V,X
A,B,F,G,H,I,K,M,N,P,R,T,U,V,Y
A,B,C,F,H,J,M,N,P,Q,Y
A,B,F,G,H,I,K,L,O,T,U
B,H,I,J,K,L,Q,T,U,X,Y
B,C,F,H,I,M,N,P,R,T,U,V,Y
B,C,F,G,H,J,L,N,Q,U,V
A,B,C,G,H,J,L,N,P,R,T,U
B,F,G,I,J,N,O,P,R,T,U,V,X
A,B,C,F,G,H,J,N,T,U,Y
B,C,G,H,K,L,N,O,P,R,T,U,V,Y
A,B,F,H,J,L,Q,S,U,V,X
A,B,F,G,H,I,J,K,L,N,T,U,V,Y
B,F,J,K,L,N,Q,R,U,X
A,B,F,G,H,I,K,T,U,Y
B,C,F,G,H,I,K,L,M,P,Q,T
F,H,I,J,L,M,N,O,P,R,T,U,V,Y
A,C,E,F,G,H,J,M,N,O,Q,R,T,U,Y
F,G,H,J,K,L,M,N,Q,R,T,U,V,Y
A,C,D,E,G,H,J,K,L,N,O,P,R,T,U,V
A,B,C,E,F,H,I,K,L,P,R,T,U,X,Y
A,F,G,H,J,K,R,T,U,V
A,B,F,G,H,K,L,N,P,Q,U,Y
A,F,G,J,K,L,M,N,P,Q,T,U,V,X,Y
B,G,H,J,L,N,P,Q,T,U,X,Y
A,B,E,G,H,I,K,T,U,V
C,D,F,H,J,K,L,N,P,Q,S,T,U,V,X,Y
A,C,D,F,G,H,J,L,N,P,Q,U,V,Y
A,F,G,H,J,K,L,N,P,Q,R,S,T,U,V,Y
A,B,C,F,G,H,I,J,L,N,P,Q,T,U
A,B,F,G,H,J,L,Q,R,T,U,X,Y
A,B,C,F,G,H,I,J,L,P,T,U,Y
B,C,F,G,H,L,M,N,P,Q,T,U,V
B,G,H,K,L,N,P,T,U,V,X,Y
B,F,H,I,J,K,L,M,P,T,U,V
A,B,G,H,J,K,L,N,O,P,R,T,Y
A,B,C,F,H,I,J,K,L,P,Q,T,U,Y
A,B,E,F,G,H,J,L,N,T,U,V,X
C,F,G,H,I,J,K,M,N,Q,T,U,Y
A,B,C,F,G,I,L,M,P,R,T,U,V,X
A,B,F,G,H,J,K,R,T,U,V
A,C,F,H,J,K,L,P,Q,R,U,V,Y
D,F,J,K,L,Q,R,U,X,Y
A,B,C,G,H,J,K,L,N,T,U,V
A,B,G,H,J,K,L,R,T,U,V,Y
C,D,F,G,H,I,T,V,Y
A,B,F,G,H,J,L,N,P,R,T,U,V,X,Y
A,F,G,H,I,J,L,N,P,Q,R,T,U,V,X,Y
A,B,C,F,G,H,J,L,M,N,P,Q,R,T,V
A,B,F,G,H,J,L,N,T,V,Y
A,B,C,H,I,J,K,N,P,R,T,V
A,B,F,G,H,J,K,L,P,U,V,Y
B,F,H,L,M,P,Q,R,T,U,V,Y
A,B,E,F,G,H,I,J,L,N,P,R,T,U,V,Y
B,C,H,J,N,P,Q,T,U,Y
B,C,F,G,H,J,L,M,P,T,U,Y
B,F,G,H,J,K,M,Q,T,U,X,Y
A,B,F,G,I,J,K,L,O,R,T,V,Y
B,C,D,F,G,H,I,J,K,L,N,U,V,Y
A,B,C,F,G,H,I,J,K,L,N,P,Q,R,T,U,V,X,Y
A,B,C,E,F,H,J,L,O,P,R,T,V
B,F,G,I,J,K,L,M,R,T,V,Y
A,B,D,F,G,H,I,L,M,Q,T,U,Y
A,F,G,H,J,K,L,N,P,T,U,V,Y
G,H,I,J,K,L,M,P,Q,T,U,X,Y
B,F,G,H,I,J,K,R,T,U,V,Y
B,G,I,J,K,N,O,T,U,V
A,B,D,G,H,J,K,L,R,T,U,V,Y
A,B,F,G,H,J,K,P,Q,R,T,U
A,B,C,G,H,I,J,K,M,N,P,R,T,U,Y
B,F,G,H,K,O,R,U,Y
B,C,G,J,K,L,R,U,Y
C,D,F,G,H,J,L,N,R,T,U,V,Y
A,B,F,G,H,I,J,K,L,N,P,Q,T,U,V,Y
A,B,F,G,H,I,J,K,L,N,P,Q,R,T,U,V,Y
B,F,G,H,I,J,K,L,T,U,V,Y
A,B,D,F,G,H,K,L,M,T,U,V
B,C,D,F,G,H,J,K,L,M,N,Q,T,U,V,Y
B,C,F,H,I,J,K,L,P,R,U,V,Y
B,D,F,G,H,I,J,L,M,N,P,U,V,Y
A,B,G,H,J,K,L,N,R,T,U,V,Y
A,B,F,G,H,J,P,R,T,U,V
F,G,H,I,J,K,L,M,N,P,T,U,V
B,G,H,I,J,K,L,M,N,Q,R,T,U,V
C,D,F,G,H,L,R,S,U,Y
A,B,F,G,H,K,L,N,Q,R,T,U,V
A,B,C,F,G,H,J,K,L,N,P,Q,R,T,U,V,Y
A,B,E,F,G,H,J,L,M,P,T,U
A,F,G,H,I,J,T,U,V
A,F,G,H,I,J,K,L,N,U,V,X
A,B,D,E,F,G,H,J,K,L,N,P,Q,R,T,U,V,Y
A,B,F,G,H,I,J,L,N,P,Q,T,U,V,Y
B,C,F,G,H,J,K,N,R,T,U,V,Y
A,F,G,H,I,J,L,M,O,P,Q,T,U
A,B,C,F,G,H,I,J,L,N,T,U,V
A,B,C,F,G,H,I,J,K,N,P,R,S,T,U,V,X,Y
A,H,J,L,N,Q,T,U,Y
A,B,F,G,H,K,L,N,P,Q,T,U,V
B,F,G,H,I,J,K,L,N,T,U
A,B,F,G,H,J,L,M,P,Q,T,U,X,Y
A,B,F,G,H,I,J,N,R,T,U,V,Y
A,B,F,G,H,K,L,M,N,R,V,X,Y
A,B,F,G,H,J,K,N,Q,T,U,V,X,Y
E,H,J,K,L,R,T,U,V,X,Y
A,B,C,F,G,H,J,K,L,N,P,R,T,U,X,Y
B,C,G,H,K,L,M,P,T,U,V
B,C,F,H,I,J,K,N,R,T,U,V,Y
A,B,C,E,F,G,H,J,K,L,N,S,T,U,X,Y
A,B,C,D,G,I,J,K,L,Q,R,T,U,Y
A,C,D,F,J,L,R,S,U
A,B,F,G,H,J,K,L,M,P,Q,T,U,X,Y
A,B,E,G,H,J,N,P,R,T,Y
A,B,G,H,J,N,P,R,T,U,V,Y
B,G,H,J,N,P,Q,T,U,V,X
B,C,F,G,H,L,M,N,P,R,T,U,V,Y
B,C,E,F,G,H,I,J,N,P,Q,T,U,Y
A,C,F,G,H,K,L,N,P,R,T,U,V,Y
A,B,G,H,J,K,L,P,Q,U,Y
A,B,D,F,G,H,J,K,L,N,P,Q,R,T,U,V,Y
A,B,F,H,I,J,K,N,P,Q,R,T,U,Y
A,B,E,F,G,H,I,J,K,L,P,T,U,V,Y
A,B,H,J,K,L,M,N,T,U,V,X,Y
B,C,D,G,H,J,K,L,N,T,U,V,X
A,B,G,H,I,J,L,M,N,P,R,U,V,X,Y
A,B,C,F,G,H,J,K,L,N,P,R,U,Y
F,G,H,I,L,N,P,R,T,U,V,Y
A,B,F,G,H,I,J,K,L,N,Q,R,T,U,V,Y
A,B,C,F,G,H,J,K,M,P,Q,R,T,U,V,Y
