id,type,href,ike_dist,price,land_area,house_area,BCR,FAR,nearest_station,station_dist,age,can_not_be_rebuilt,affordable
b-1046560010022,土地,https://www.homes.co.jp/tochi/b-1046560010022/,38,1280.0,60.13,,60,200.0,朝霞台,12,,False,1
b-1040260008529,土地,https://www.homes.co.jp/tochi/b-1040260008529/,33,1280.0,45.34,,60,160.0,朝霞,10,,False,1
b-1172930002412,土地,https://www.homes.co.jp/tochi/b-1172930002412/,32,1380.0,37.09,,60,160.0,地下鉄成増,12,,False,1
b-35005310001849,中古一戸建て,https://www.homes.co.jp/kodate/b-35005310001849/,31,1460.0,52.89,60.02,,,上板橋,11,37.0,False,1
b-1439660000099,中古一戸建て,https://www.homes.co.jp/kodate/b-1439660000099/,34,1480.0,55.14,75.47,,,ひばりヶ丘駅,11,57.0,True,1
b-1271630001714,土地,https://www.homes.co.jp/tochi/b-1271630001714/,38,1480.0,53.22,,60,160.0,朝霞,15,,False,1
b-1029300000968,土地,https://www.homes.co.jp/tochi/b-1029300000968/,34,1480.0,75.06,,60,200.0,和光市,13,,True,1
b-1359690005380,土地,https://www.homes.co.jp/tochi/b-1359690005380/,40,1750.0,82.66,,80,200.0,西所沢,7,,False,1
b-39030740000367,中古一戸建て,https://www.homes.co.jp/kodate/b-39030740000367/,33,1780.0,66.01,62.79,,,下赤塚,14,49.0,False,1
b-1259990001283,土地,https://www.homes.co.jp/tochi/b-1259990001283/,31,1789.0,97.47,,60,200.0,上板橋,11,,False,1
b-1445390000551,中古一戸建て,https://www.homes.co.jp/kodate/b-1445390000551/,34,1880.0,64.69,67.87,,,東武練馬,12,44.0,False,1
b-1318040003868,中古一戸建て,https://www.homes.co.jp/kodate/b-1318040003868/,26,1900.0,47.27,69.42,,,下赤塚,7,55.0,True,1
b-17020970012017,土地,https://www.homes.co.jp/tochi/b-17020970012017/,34,1980.0,273.5,,60,160.0,地下鉄成増,14,,False,1
b-1445390000569,中古一戸建て,https://www.homes.co.jp/kodate/b-1445390000569/,27,1980.0,58.54,54.65,,,平和台,11,27.0,True,1
b-1170260010536,中古一戸建て,https://www.homes.co.jp/kodate/b-1170260010536/,25,1980.0,63.95,86.75,,,十条,13,32.0,True,1
b-1309740000398,中古一戸建て,https://www.homes.co.jp/kodate/b-1309740000398/,31,1980.0,53.58,69.42,,,地下鉄成増,12,58.0,True,1
b-35005310001792,中古一戸建て,https://www.homes.co.jp/kodate/b-35005310001792/,33,1980.0,92.48,99.16,,,練馬春日町,12,59.0,True,1
b-1019620022584,中古一戸建て,https://www.homes.co.jp/kodate/b-1019620022584/,31,1980.0,48.41,48.6,,,東武練馬,9,62.0,False,1
b-1342720022601,土地,https://www.homes.co.jp/tochi/b-1342720022601/,26,1980.0,36.01,,60,200.0,東武練馬,4,,False,1
b-1187850004022,中古一戸建て,https://www.homes.co.jp/kodate/b-1187850004022/,33,1988.0,35.7,61.23,,,和光市,12,52.0,True,1
b-1379290001091,土地,https://www.homes.co.jp/tochi/b-1379290001091/,21,1990.0,41.32,,70,160.0,東十条,5,,False,1
b-88550014535,土地,https://www.homes.co.jp/tochi/b-88550014535/,36,2000.0,92.39,,40,80.0,ひばりヶ丘,13,,False,1
b-1113000009031,中古一戸建て,https://www.homes.co.jp/kodate/b-1113000009031/,36,2080.0,37.0,61.25,,,中浦和,5,36.0,False,1
b-1041380012868,中古一戸建て,https://www.homes.co.jp/kodate/b-1041380012868/,37,2080.0,37.0,61.25,,,中浦和,6,36.0,False,1
b-1251460068755,中古一戸建て,https://www.homes.co.jp/kodate/b-1251460068755/,36,2100.0,49.6,64.58,,,みずほ台,3,16.0,False,1
b-1389720000930,土地,https://www.homes.co.jp/tochi/b-1389720000930/,37,2150.0,74.09,,60,200.0,ひばりヶ丘,14,,False,1
b-1342720022661,中古一戸建て,https://www.homes.co.jp/kodate/b-1342720022661/,35,2180.0,66.87,93.77,,,柳瀬川,4,23.0,False,1
b-88120000592,中古一戸建て,https://www.homes.co.jp/kodate/b-88120000592/,33,2180.0,93.98,93.57,,,石神井公園,15,25.0,True,1
b-1041390012014,土地,https://www.homes.co.jp/tochi/b-1041390012014/,32,2180.0,64.0,,60,160.0,戸田公園,10,,False,1
b-1010870033378,土地,https://www.homes.co.jp/tochi/b-1010870033378/,33,2180.0,59.41,,50,100.0,保谷,10,,False,1
b-1445460000059,土地,https://www.homes.co.jp/tochi/b-1445460000059/,23,2230.0,37.5,,60,150.0,十条,11,,False,1
b-35005310001870,中古一戸建て,https://www.homes.co.jp/kodate/b-35005310001870/,20,2280.0,34.45,48.9,,,練馬,5,40.0,False,1
b-1439660000100,中古一戸建て,https://www.homes.co.jp/kodate/b-1439660000100/,19,2280.0,52.79,70.68,,,氷川台,5,46.0,True,1
b-1245370000862,土地,https://www.homes.co.jp/tochi/b-1245370000862/,17,2290.0,30.4,,60,200.0,椎名町,8,,False,1
b-17020970014237,土地,https://www.homes.co.jp/tochi/b-17020970014237/,22,2300.0,32.46,,80,240.0,富士見台,2,,False,1
b-1073170001816,土地,https://www.homes.co.jp/tochi/b-1073170001816/,22,2300.0,32.46,,80,300.0,富士見台,2,,False,1
b-1443180000018,中古一戸建て,https://www.homes.co.jp/kodate/b-1443180000018/,35,2380.0,65.38,65.78,,,ひばりヶ丘,12,58.0,False,1
b-1445390000544,中古一戸建て,https://www.homes.co.jp/kodate/b-1445390000544/,22,2380.0,49.58,46.28,,,赤羽,7,64.0,True,1
b-17008270000072,土地,https://www.homes.co.jp/tochi/b-17008270000072/,31,2480.0,153.22,,50,80.0,西武バス,5,,False,1
b-1252630008041,中古一戸建て,https://www.homes.co.jp/kodate/b-1252630008041/,32,2480.0,60.87,62.24,,,成増,14,46.0,True,1
b-1265020004377,中古一戸建て,https://www.homes.co.jp/kodate/b-1265020004377/,31,2480.0,214.98,51.23,,,富士見台,11,51.0,True,1
b-1140530010145,中古一戸建て,https://www.homes.co.jp/kodate/b-1140530010145/,16,2480.0,28.66,38.06,,,要町,8,49.0,False,1
b-1252620009208,中古一戸建て,https://www.homes.co.jp/kodate/b-1252620009208/,28,2480.0,51.5,49.49,,,平和台,12,64.0,True,1
b-1445390000534,中古一戸建て,https://www.homes.co.jp/kodate/b-1445390000534/,24,2490.0,69.27,68.64,,,成増,4,46.0,True,1
b-17020970014979,土地,https://www.homes.co.jp/tochi/b-17020970014979/,36,2510.0,54.17,,60,160.0,ひばりヶ丘,13,,False,1
b-89280010451,中古一戸建て,https://www.homes.co.jp/kodate/b-89280010451/,37,2580.0,69.41,160.59,,,清瀬,7,47.0,False,1
b-1206700007360,土地,https://www.homes.co.jp/tochi/b-1206700007360/,27,2580.0,108.1,,60,200.0,北戸田,1,,False,1
b-17002960000459,土地,https://www.homes.co.jp/tochi/b-17002960000459/,39,2680.0,73.13,,60,160.0,清瀬,9,,False,1
b-1113000008645,中古一戸建て,https://www.homes.co.jp/kodate/b-1113000008645/,39,2680.0,69.61,80.16,,,南与野,6,28.0,False,1
b-1389720001300,土地,https://www.homes.co.jp/tochi/b-1389720001300/,33,2680.0,68.31,,40,80.0,保谷,10,,False,1
b-1227780001769,中古一戸建て,https://www.homes.co.jp/kodate/b-1227780001769/,38,2700.0,77.66,76.7,,,柳瀬川,7,35.0,False,1
b-17022090000040,土地,https://www.homes.co.jp/tochi/b-17022090000040/,39,2740.0,100.02,,60,200.0,朝霞台,13,,False,1
b-17007910000314,土地,https://www.homes.co.jp/tochi/b-17007910000314/,36,2780.0,72.27,,60,200.0,東武練馬,14,,False,1
b-17002960000458,土地,https://www.homes.co.jp/tochi/b-17002960000458/,38,2780.0,71.58,,60,200.0,朝霞,15,,False,1
b-1000980063142,中古一戸建て,https://www.homes.co.jp/kodate/b-1000980063142/,40,2780.0,108.09,90.48,,,東久留米,12,24.0,False,1
b-1445390000428,中古一戸建て,https://www.homes.co.jp/kodate/b-1445390000428/,17,2780.0,39.37,43.48,,,鬼子母神前,6,53.0,False,1
b-1439660000102,中古一戸建て,https://www.homes.co.jp/kodate/b-1439660000102/,25,2800.0,29.78,58.28,,,上板橋,5,36.0,False,1
b-1423180000083,土地,https://www.homes.co.jp/tochi/b-1423180000083/,30,2880.0,59.65,,60,200.0,成増,12,,False,1
b-1389720001184,土地,https://www.homes.co.jp/tochi/b-1389720001184/,35,2880.0,79.93,,40,80.0,ひばりヶ丘,12,,False,1
b-1445390000471,中古一戸建て,https://www.homes.co.jp/kodate/b-1445390000471/,15,2890.0,59.5,68.07,,,椎名町,6,57.0,True,1
b-17020970014638,土地,https://www.homes.co.jp/tochi/b-17020970014638/,32,2920.0,60.3,,60,200.0,戸田公園,10,,False,1
b-1010870033404,中古一戸建て,https://www.homes.co.jp/kodate/b-1010870033404/,35,2980.0,100.04,110.29,,,ひばりヶ丘,12,28.0,False,1
b-1416580000025,中古一戸建て,https://www.homes.co.jp/kodate/b-1416580000025/,14,2980.0,47.8,43.79,,,大塚,5,92.0,True,1
b-1448700000144,土地,https://www.homes.co.jp/tochi/b-1448700000144/,30,2980.0,71.15,,40,80.0,保谷,7,,False,1
b-1373820000456,土地,https://www.homes.co.jp/tochi/b-1373820000456/,14,2980.0,32.53,,70,160.0,新大塚,5,,False,1
b-17020970014850,土地,https://www.homes.co.jp/tochi/b-17020970014850/,32,2990.0,44.74,,60,70.0,戸田公園,10,,False,1
b-35005460000524,中古一戸建て,https://www.homes.co.jp/kodate/b-35005460000524/,18,2990.0,46.83,48.7,,,千川,9,43.0,False,1
b-1260000000215,中古一戸建て,https://www.homes.co.jp/kodate/b-1260000000215/,19,3000.0,35.88,47.6,,,新板橋,6,57.0,False,1
b-1029300000956,中古一戸建て,https://www.homes.co.jp/kodate/b-1029300000956/,27,3000.0,140.92,98.31,,,地下鉄赤塚,9,60.0,True,1
b-1260000000214,土地,https://www.homes.co.jp/tochi/b-1260000000214/,19,3000.0,35.88,,80,240.0,新板橋,6,,False,1
b-17020970014451,土地,https://www.homes.co.jp/tochi/b-17020970014451/,39,3060.0,72.25,,60,160.0,北朝霞,12,,False,1
b-1278120007416,中古一戸建て,https://www.homes.co.jp/kodate/b-1278120007416/,30,3080.0,51.73,66.51,,,練馬高野台,8,55.0,False,1
b-17017120000328,新築一戸建て,https://www.homes.co.jp/kodate/b-17017120000328/,38,3150.0,55.34,96.93,60,200.0,ひばりヶ丘,15,,False,1
b-1040320010228,新築一戸建て,https://www.homes.co.jp/kodate/b-1040320010228/,34,3180.0,64.68,51.72,,,東久留米,6,,False,1
b-1395360000102,中古一戸建て,https://www.homes.co.jp/kodate/b-1395360000102/,22,3180.0,56.85,62.93,,,北赤羽,5,22.0,False,1
b-88120000585,土地,https://www.homes.co.jp/tochi/b-88120000585/,37,3180.0,90.09,,60,180.0,下赤塚,15,,False,1
b-1445700000115,土地,https://www.homes.co.jp/tochi/b-1445700000115/,21,3180.0,40.04,,80,300.0,北赤羽,4,,False,1
b-1193340007916,土地,https://www.homes.co.jp/tochi/b-1193340007916/,19,3190.0,31.14,,80,300.0,駒込,9,,False,1
b-1445460000102,土地,https://www.homes.co.jp/tochi/b-1445460000102/,29,3200.0,43.03,,50,100.0,地下鉄赤塚,11,,False,1
b-1425230001222,土地,https://www.homes.co.jp/tochi/b-1425230001222/,29,3200.0,30.11,,80,500.0,仲御徒町,4,,False,1
b-37091310000169,中古一戸建て,https://www.homes.co.jp/kodate/b-37091310000169/,33,3230.0,66.0,86.93,,,北戸田,7,26.0,False,1
b-17069060005780,土地,https://www.homes.co.jp/tochi/b-17069060005780/,33,3240.0,61.07,,60,168.0,朝霞,10,,False,1
b-17074110000070,土地,https://www.homes.co.jp/tochi/b-17074110000070/,33,3240.0,61.07,,60,200.0,朝霞,10,,False,1
b-1191550004742,土地,https://www.homes.co.jp/tochi/b-1191550004742/,27,3242.0,53.84,,60,150.0,赤羽,12,,False,1
b-1222100008331,新築一戸建て,https://www.homes.co.jp/kodate/b-1222100008331/,36,3280.0,53.79,80.1,,,朝霞台,4,,False,1
b-35005460000597,中古一戸建て,https://www.homes.co.jp/kodate/b-35005460000597/,35,3280.0,46.66,70.63,,,地下鉄成増,15,12.0,False,1
b-1387100000092,土地,https://www.homes.co.jp/tochi/b-1387100000092/,33,3280.0,30.79,,80,360.0,秋葉原,5,,False,1
b-17077270000040,土地,https://www.homes.co.jp/tochi/b-17077270000040/,34,3390.0,71.97,,50,100.0,ひばりヶ丘,11,,False,1
b-1243260007945,土地,https://www.homes.co.jp/tochi/b-1243260007945/,23,3390.0,41.98,,60,150.0,上中里,7,,False,1
b-1278120006676,中古一戸建て,https://www.homes.co.jp/kodate/b-1278120006676/,26,3400.0,69.85,94.23,,,平和台,11,40.0,False,1
b-1444120000176,中古一戸建て,https://www.homes.co.jp/kodate/b-1444120000176/,39,3470.0,60.04,85.27,,,中浦和,8,6.0,False,1
b-17007910000321,新築一戸建て,https://www.homes.co.jp/kodate/b-17007910000321/,37,3480.0,40.21,64.02,70,160.0,東武練馬,15,,False,1
b-17007910000312,土地,https://www.homes.co.jp/tochi/b-17007910000312/,32,3480.0,85.0,,60,160.0,上板橋,12,,False,1
b-1421770003720,新築一戸建て,https://www.homes.co.jp/kodate/b-1421770003720/,37,3480.0,40.21,64.02,,,東武練馬,15,,False,1
b-1242120001094,新築一戸建て,https://www.homes.co.jp/kodate/b-1242120001094/,39,3480.0,58.07,91.85,,,みずほ台,6,,False,1
b-1000980064203,土地,https://www.homes.co.jp/tochi/b-1000980064203/,38,3480.0,110.02,,40,80.0,保谷,15,,False,1
b-1389130002347,土地,https://www.homes.co.jp/tochi/b-1389130002347/,38,3480.0,103.08,,60,100.0,朝霞,15,,False,1
b-1392850000605,中古一戸建て,https://www.homes.co.jp/kodate/b-1392850000605/,36,3500.0,59.98,103.08,,,東武練馬,14,21.0,False,1
b-1427200000068,中古一戸建て,https://www.homes.co.jp/kodate/b-1427200000068/,7,3500.0,31.4,45.9,,,池袋,7,47.0,False,1
b-1427200000067,土地,https://www.homes.co.jp/tochi/b-1427200000067/,7,3500.0,31.4,,80,400.0,池袋,7,,False,1
b-1198450008382,中古一戸建て,https://www.homes.co.jp/kodate/b-1198450008382/,38,3550.0,85.09,92.53,,,吉祥寺,5,24.0,False,1
b-1336600001900,中古一戸建て,https://www.homes.co.jp/kodate/b-1336600001900/,28,3580.0,48.21,87.35,,,地下鉄成増,8,21.0,False,1
b-1243260007912,土地,https://www.homes.co.jp/tochi/b-1243260007912/,28,3580.0,90.96,,50,100.0,地下鉄赤塚,10,,False,1
b-1225480000687,中古一戸建て,https://www.homes.co.jp/kodate/b-1225480000687/,29,3600.0,91.82,103.16,,,浮間舟渡,10,35.0,False,1
b-1342720022770,新築一戸建て,https://www.homes.co.jp/kodate/b-1342720022770/,40,3660.0,126.96,99.77,,,狭山ヶ丘,3,,False,1
b-17062460000121,土地,https://www.homes.co.jp/tochi/b-17062460000121/,25,3680.0,49.16,,80,300.0,地下鉄赤塚,7,,False,1
b-1370090000222,中古一戸建て,https://www.homes.co.jp/kodate/b-1370090000222/,16,3680.0,47.73,47.79,,,茗荷谷,5,61.0,False,1
b-1000980064198,土地,https://www.homes.co.jp/tochi/b-1000980064198/,38,3680.0,116.9,,40,80.0,保谷,15,,False,1
b-1448700000147,土地,https://www.homes.co.jp/tochi/b-1448700000147/,33,3680.0,118.64,,40,80.0,ひばりヶ丘,10,,False,1
b-1000980063003,土地,https://www.homes.co.jp/tochi/b-1000980063003/,38,3680.0,100.01,,60,200.0,所沢,8,,False,1
b-88550014284,土地,https://www.homes.co.jp/tochi/b-88550014284/,39,3680.0,142.74,,50,100.0,清瀬,9,,False,1
b-37051720001994,中古一戸建て,https://www.homes.co.jp/kodate/b-37051720001994/,40,3700.0,57.72,79.48,,,鶴瀬,5,5.0,False,1
b-1443180000005,中古一戸建て,https://www.homes.co.jp/kodate/b-1443180000005/,11,3700.0,30.35,44.54,,,北池袋,10,19.0,False,1
b-89340000871,土地,https://www.homes.co.jp/tochi/b-89340000871/,20,3700.0,50.98,,80,240.0,新庚申塚,1,,False,1
b-17002960000466,新築一戸建て,https://www.homes.co.jp/kodate/b-17002960000466/,37,3780.0,66.0,106.14,60,200.0,ひばりヶ丘,14,,False,1
b-1191550004745,中古一戸建て,https://www.homes.co.jp/kodate/b-1191550004745/,29,3780.0,39.25,62.49,,,地下鉄成増,9,8.0,False,1
b-1062360004395,新築一戸建て,https://www.homes.co.jp/kodate/b-1062360004395/,37,3780.0,66.0,106.14,,,ひばりヶ丘,14,,False,1
b-1309740000431,中古一戸建て,https://www.homes.co.jp/kodate/b-1309740000431/,34,3780.0,65.51,91.49,,,東武練馬,12,17.0,False,1
b-1309740000411,中古一戸建て,https://www.homes.co.jp/kodate/b-1309740000411/,30,3780.0,47.93,109.95,,,成増,12,28.0,False,1
b-1388540002796,土地,https://www.homes.co.jp/tochi/b-1388540002796/,26,3800.0,97.88,,60,200.0,小竹向原,14,,False,1
b-1388540004589,中古一戸建て,https://www.homes.co.jp/kodate/b-1388540004589/,9,3880.0,33.31,38.34,,,要町,1,41.0,False,1
b-1252630007898,中古一戸建て,https://www.homes.co.jp/kodate/b-1252630007898/,9,3880.0,33.31,38.34,,,要町,1,41.0,True,1
b-90640000339,中古一戸建て,https://www.homes.co.jp/kodate/b-90640000339/,39,3880.0,126.32,75.76,,,東久留米,11,38.0,False,1
b-1271630001758,土地,https://www.homes.co.jp/tochi/b-1271630001758/,33,3880.0,172.0,,60,100.0,和光市,12,,False,1
b-8110129417,中古一戸建て,https://www.homes.co.jp/kodate/b-8110129417/,38,3890.0,51.4,79.14,,,中浦和,7,11.0,False,1
b-1441380000070,中古一戸建て,https://www.homes.co.jp/kodate/b-1441380000070/,38,3940.0,51.4,79.14,,,中浦和,7,11.0,False,1
b-17020970014777,新築一戸建て,https://www.homes.co.jp/kodate/b-17020970014777/,37,3980.0,49.01,72.75,50,150.0,保谷,14,,False,1
b-17075400000015,土地,https://www.homes.co.jp/tochi/b-17075400000015/,40,3980.0,208.64,,60,200.0,西所沢,7,,False,1
b-1231900022813,新築一戸建て,https://www.homes.co.jp/kodate/b-1231900022813/,23,3980.0,56.64,63.04,,,中板橋,8,,False,1
b-1229390001946,新築一戸建て,https://www.homes.co.jp/kodate/b-1229390001946/,28,3980.0,40.51,64.57,,,浮間舟渡,9,,False,1
b-1243260007902,新築一戸建て,https://www.homes.co.jp/kodate/b-1243260007902/,38,3980.0,80.88,64.69,,,東久留米,10,,False,1
b-1227020029076,中古一戸建て,https://www.homes.co.jp/kodate/b-1227020029076/,40,3980.0,66.12,113.02,,,鶴瀬,5,3.0,False,1
b-1041390012044,土地,https://www.homes.co.jp/tochi/b-1041390012044/,32,3980.0,102.0,,80,300.0,戸田公園,10,,False,1
b-1318040004042,土地,https://www.homes.co.jp/tochi/b-1318040004042/,33,3980.0,149.44,,60,200.0,成増,15,,False,1
b-1062360003979,土地,https://www.homes.co.jp/tochi/b-1062360003979/,33,3980.0,149.44,,60,200.0,地下鉄成増,14,,False,1
b-1080060004262,新築一戸建て,https://www.homes.co.jp/kodate/b-1080060004262/,27,3990.0,45.36,56.27,,,地下鉄赤塚,9,,False,1
b-83520001939,新築一戸建て,https://www.homes.co.jp/kodate/b-83520001939/,27,3990.0,41.52,73.88,,,朝霞,4,,False,1
b-1000980063789,中古一戸建て,https://www.homes.co.jp/kodate/b-1000980063789/,40,3990.0,115.19,88.91,,,東久留米,12,8.0,False,1
b-17008150000209,土地,https://www.homes.co.jp/tochi/b-17008150000209/,33,4110.0,82.83,,60,200.0,下赤塚,15,,False,1
b-17017120000321,新築一戸建て,https://www.homes.co.jp/kodate/b-17017120000321/,38,4180.0,110.09,86.26,40,80.0,東久留米,13,,False,1
b-1445460000042,新築一戸建て,https://www.homes.co.jp/kodate/b-1445460000042/,26,4180.0,43.61,77.79,,,北赤羽,9,,False,1
b-1418210000993,中古一戸建て,https://www.homes.co.jp/kodate/b-1418210000993/,37,4180.0,156.97,89.84,,,東武練馬,15,15.0,False,1
b-90640000328,新築一戸建て,https://www.homes.co.jp/kodate/b-90640000328/,37,4180.0,110.09,86.26,,,東久留米,13,,False,1
b-1080060004242,中古一戸建て,https://www.homes.co.jp/kodate/b-1080060004242/,31,4180.0,58.91,95.76,,,上板橋,11,18.0,False,1
b-1391690000283,中古一戸建て,https://www.homes.co.jp/kodate/b-1391690000283/,31,4180.0,58.91,85.48,,,上板橋,11,18.0,False,1
b-1062360004364,中古一戸建て,https://www.homes.co.jp/kodate/b-1062360004364/,29,4180.0,66.13,107.64,,,朝霞,6,23.0,False,1
b-1388540004396,中古一戸建て,https://www.homes.co.jp/kodate/b-1388540004396/,5,4180.0,31.2,47.9,,,池袋,5,49.0,False,1
b-60000330213499,土地,https://www.homes.co.jp/tochi/b-60000330213499/,5,4180.0,31.2,,60,160.0,池袋,5,,False,1
b-17017120000337,新築一戸建て,https://www.homes.co.jp/kodate/b-17017120000337/,40,4190.0,163.67,95.64,40,80.0,東久留米,12,,False,1
b-90640000499,新築一戸建て,https://www.homes.co.jp/kodate/b-90640000499/,40,4190.0,163.67,95.64,,,武蔵小金井,5,,False,1
b-1421770003674,新築一戸建て,https://www.homes.co.jp/kodate/b-1421770003674/,34,4190.0,88.41,70.38,,,ひばりヶ丘,11,,False,1
b-1373820000459,土地,https://www.homes.co.jp/tochi/b-1373820000459/,22,4190.0,50.45,,70,160.0,千川,12,,False,1
b-1379290001076,土地,https://www.homes.co.jp/tochi/b-1379290001076/,30,4190.0,53.28,,60,200.0,新江古田,8,,False,1
b-74620000442,土地,https://www.homes.co.jp/tochi/b-74620000442/,24,4200.0,121.14,,60,200.0,新板橋,9,,False,1
b-1120410013771,土地,https://www.homes.co.jp/tochi/b-1120410013771/,26,4200.0,98.49,,80,400.0,保谷,3,,False,1
b-90640000166,土地,https://www.homes.co.jp/tochi/b-90640000166/,39,4200.0,131.69,,50,100.0,清瀬,9,,False,1
b-17019050000394,土地,https://www.homes.co.jp/tochi/b-17019050000394/,31,4230.0,118.01,,40,80.0,ひばりヶ丘,8,,False,1
b-8910089902,新築一戸建て,https://www.homes.co.jp/kodate/b-8910089902/,38,4240.0,53.47,93.08,,,所沢,8,,False,1
b-17051620000023,新築一戸建て,https://www.homes.co.jp/kodate/b-17051620000023/,38,4280.0,88.13,103.26,60,100.0,志木,10,,False,1
b-17020970014731,新築一戸建て,https://www.homes.co.jp/kodate/b-17020970014731/,36,4280.0,51.95,87.24,70,200.0,ひばりヶ丘,13,,False,1
b-1398090000068,新築一戸建て,https://www.homes.co.jp/kodate/b-1398090000068/,34,4280.0,125.22,115.48,,,朝霞,11,,False,1
b-1405570000994,新築一戸建て,https://www.homes.co.jp/kodate/b-1405570000994/,38,4280.0,77.94,110.96,,,みずほ台,5,,False,1
b-1437730002740,新築一戸建て,https://www.homes.co.jp/kodate/b-1437730002740/,38,4280.0,77.94,101.75,,,みずほ台,5,,False,1
b-1222100007704,中古一戸建て,https://www.homes.co.jp/kodate/b-1222100007704/,33,4280.0,91.24,74.34,,,東久留米,5,3.0,False,1
b-1168620001705,中古一戸建て,https://www.homes.co.jp/kodate/b-1168620001705/,38,4280.0,109.08,93.56,,,小手指,3,17.0,False,1
b-1303360011100,土地,https://www.homes.co.jp/tochi/b-1303360011100/,31,4280.0,121.02,,40,80.0,ひばりヶ丘,8,,False,1
b-1430280000020,中古一戸建て,https://www.homes.co.jp/kodate/b-1430280000020/,40,4350.0,74.43,97.25,,,与野本町,5,6.0,False,1
b-17020970014863,新築一戸建て,https://www.homes.co.jp/kodate/b-17020970014863/,31,4380.0,48.73,87.07,60,200.0,地下鉄成増,11,,False,1
b-1370090000215,中古一戸建て,https://www.homes.co.jp/kodate/b-1370090000215/,32,4380.0,51.71,58.55,,,上板橋,12,3.0,False,1
b-1421770003015,中古一戸建て,https://www.homes.co.jp/kodate/b-1421770003015/,32,4380.0,51.17,58.55,,,上板橋,12,3.0,False,1
b-84720008017,土地,https://www.homes.co.jp/tochi/b-84720008017/,30,4380.0,73.44,,60,200.0,ときわ台,12,,False,1
b-88030001673,土地,https://www.homes.co.jp/tochi/b-88030001673/,35,4380.0,119.34,,60,200.0,保谷,12,,False,1
b-1303360010105,土地,https://www.homes.co.jp/tochi/b-1303360010105/,38,4380.0,197.79,,60,200.0,志木,10,,False,1
b-1303360011113,土地,https://www.homes.co.jp/tochi/b-1303360011113/,31,4430.0,118.01,,40,80.0,ひばりヶ丘,8,,False,1
b-17000120000407,中古一戸建て,https://www.homes.co.jp/kodate/b-17000120000407/,32,4439.0,120.01,100.17,50,100.0,清瀬,2,,False,1
b-1309740000405,中古一戸建て,https://www.homes.co.jp/kodate/b-1309740000405/,22,4450.0,50.49,73.89,,,小竹向原,10,8.0,False,1
b-17001030000005,土地,https://www.homes.co.jp/tochi/b-17001030000005/,35,4480.0,106.28,,50,60.0,練馬高野台,13,,False,1
b-17017240000248,新築一戸建て,https://www.homes.co.jp/kodate/b-17017240000248/,36,4480.0,66.82,102.68,60,200.0,みずほ台,3,,False,1
b-1405570000888,新築一戸建て,https://www.homes.co.jp/kodate/b-1405570000888/,40,4480.0,63.38,112.25,,,志木,12,,False,1
b-1405570000906,新築一戸建て,https://www.homes.co.jp/kodate/b-1405570000906/,36,4480.0,66.82,102.68,,,みずほ台,3,,False,1
b-1303360011109,土地,https://www.homes.co.jp/tochi/b-1303360011109/,31,4480.0,122.01,,40,80.0,ひばりヶ丘,8,,False,1
b-1363260000266,土地,https://www.homes.co.jp/tochi/b-1363260000266/,14,4480.0,56.69,,60,200.0,要町,6,,False,1
b-17074750000034,土地,https://www.homes.co.jp/tochi/b-17074750000034/,23,4500.0,69.86,,60,200.0,駒込,13,,False,1
b-17078180000001,土地,https://www.homes.co.jp/tochi/b-17078180000001/,37,4500.0,100.03,,60,200.0,志木,9,,False,1
b-1307950004186,中古一戸建て,https://www.homes.co.jp/kodate/b-1307950004186/,31,4500.0,80.85,97.71,,,大泉学園,10,23.0,False,1
b-1331680000270,中古一戸建て,https://www.homes.co.jp/kodate/b-1331680000270/,38,4500.0,153.0,123.6,,,保谷,15,28.0,False,1
b-8910089624,中古一戸建て,https://www.homes.co.jp/kodate/b-8910089624/,38,4500.0,153.0,61.8,,,保谷,15,28.0,False,1
b-1252630008054,中古一戸建て,https://www.homes.co.jp/kodate/b-1252630008054/,13,4500.0,46.21,76.0,,,大塚,7,56.0,True,1
b-1388540003091,中古一戸建て,https://www.homes.co.jp/kodate/b-1388540003091/,36,4500.0,141.95,149.83,,,東武練馬,14,56.0,False,1
b-1370090000201,土地,https://www.homes.co.jp/tochi/b-1370090000201/,37,4500.0,141.95,,60,200.0,東武練馬,15,,False,1
b-1342720022422,土地,https://www.homes.co.jp/tochi/b-1342720022422/,36,4500.0,141.95,,60,200.0,東武練馬,14,,False,1
b-1172930002536,土地,https://www.homes.co.jp/tochi/b-1172930002536/,36,4500.0,141.95,,60,160.0,東武練馬,14,,False,1
b-1091410000442,土地,https://www.homes.co.jp/tochi/b-1091410000442/,34,4500.0,213.68,,60,200.0,和光市,13,,False,1
b-1271630001651,土地,https://www.homes.co.jp/tochi/b-1271630001651/,38,4500.0,242.56,,60,200.0,朝霞台,12,,False,1
b-1194040215502,土地,https://www.homes.co.jp/tochi/b-1194040215502/,34,4500.0,213.68,,60,172.0,和光市,13,,False,1
b-17005540000198,土地,https://www.homes.co.jp/tochi/b-17005540000198/,34,4530.0,104.19,,60,200.0,戸田公園,12,,False,1
b-1445460000079,新築一戸建て,https://www.homes.co.jp/kodate/b-1445460000079/,34,4580.0,51.48,89.84,,,上板橋,14,,False,1
b-1267650016851,新築一戸建て,https://www.homes.co.jp/kodate/b-1267650016851/,27,4580.0,34.05,75.25,,,三河島,5,,False,1
b-1000980063013,中古一戸建て,https://www.homes.co.jp/kodate/b-1000980063013/,22,4580.0,50.49,74.33,,,小竹向原,10,8.0,False,1
b-1379680000197,土地,https://www.homes.co.jp/tochi/b-1379680000197/,30,4620.0,75.19,,60,200.0,石神井公園,12,,False,1
b-17020970015135,土地,https://www.homes.co.jp/tochi/b-17020970015135/,39,4650.0,72.44,,60,200.0,志茂,11,,False,1
b-1404690000031,新築一戸建て,https://www.homes.co.jp/kodate/b-1404690000031/,26,4680.0,43.54,80.31,,,東武練馬,4,,False,1
b-1080060004184,中古一戸建て,https://www.homes.co.jp/kodate/b-1080060004184/,32,4680.0,51.17,58.55,,,上板橋,12,3.0,False,1
b-39030740000410,中古一戸建て,https://www.homes.co.jp/kodate/b-39030740000410/,36,4680.0,154.2,122.54,,,東久留米,8,29.0,False,1
b-1193340007989,土地,https://www.homes.co.jp/tochi/b-1193340007989/,14,4680.0,44.05,,60,300.0,大塚,8,,False,1
b-17057720001732,新築一戸建て,https://www.homes.co.jp/kodate/b-17057720001732/,36,4690.0,79.91,87.46,,,中浦和,5,,False,1
b-1000980064314,新築一戸建て,https://www.homes.co.jp/kodate/b-1000980064314/,39,4690.0,101.28,80.52,,,武蔵小金井,3,,False,1
b-1445460000074,土地,https://www.homes.co.jp/tochi/b-1445460000074/,17,4730.0,46.87,,60,200.0,要町,9,,False,1
b-17017120000289,新築一戸建て,https://www.homes.co.jp/kodate/b-17017120000289/,34,4780.0,88.58,87.28,50,100.0,保谷,11,,False,1
b-17020970015116,新築一戸建て,https://www.homes.co.jp/kodate/b-17020970015116/,35,4780.0,57.72,112.79,60,200.0,南与野,2,,False,1
b-17020970014960,新築一戸建て,https://www.homes.co.jp/kodate/b-17020970014960/,35,4780.0,49.32,82.69,60,160.0,朝霞台,9,,False,1
b-17017240000261,中古一戸建て,https://www.homes.co.jp/kodate/b-17017240000261/,35,4780.0,62.86,97.08,60,200.0,朝霞台,9,,False,1
b-17054540000985,新築一戸建て,https://www.homes.co.jp/kodate/b-17054540000985/,33,4780.0,104.44,81.62,40,80.0,ひばりヶ丘,10,,False,1
b-17054540000988,新築一戸建て,https://www.homes.co.jp/kodate/b-17054540000988/,30,4780.0,60.12,113.94,80,200.0,ひばりヶ丘,7,,False,1
b-1078830008864,新築一戸建て,https://www.homes.co.jp/kodate/b-1078830008864/,39,4780.0,59.69,101.36,,,浦和,5,,False,1
b-1078830008703,新築一戸建て,https://www.homes.co.jp/kodate/b-1078830008703/,35,4780.0,57.72,112.79,,,南与野,2,,False,1
b-1239390013493,新築一戸建て,https://www.homes.co.jp/kodate/b-1239390013493/,27,4780.0,55.15,90.59,,,ひばりヶ丘,4,,False,1
b-1421770003249,新築一戸建て,https://www.homes.co.jp/kodate/b-1421770003249/,39,4780.0,84.28,117.57,,,東久留米,11,,False,1
b-1007440018848,中古一戸建て,https://www.homes.co.jp/kodate/b-1007440018848/,31,4780.0,45.95,118.0,,,祐天寺,7,34.0,False,1
b-1377140000052,土地,https://www.homes.co.jp/tochi/b-1377140000052/,36,4780.0,584.71,,40,80.0,下赤塚,14,,False,1
b-1303360011106,土地,https://www.homes.co.jp/tochi/b-1303360011106/,31,4780.0,123.1,,40,80.0,ひばりヶ丘,8,,False,1
b-1040200006505,新築一戸建て,https://www.homes.co.jp/kodate/b-1040200006505/,38,4790.0,56.65,105.56,,,小手指,3,,False,1
b-1415630000007,中古一戸建て,https://www.homes.co.jp/kodate/b-1415630000007/,39,4800.0,55.63,71.35,,,学芸大学,10,32.0,False,1
b-1251460067335,土地,https://www.homes.co.jp/tochi/b-1251460067335/,36,4800.0,141.95,,60,160.0,東武練馬,14,,False,1
b-1000980064286,土地,https://www.homes.co.jp/tochi/b-1000980064286/,36,4870.0,106.68,,50,100.0,保谷,14,,False,1
b-1458870000026,土地,https://www.homes.co.jp/tochi/b-1458870000026/,23,4870.0,88.03,,70,160.0,地下鉄赤塚,5,,False,1
b-17006370000252,新築一戸建て,https://www.homes.co.jp/kodate/b-17006370000252/,37,4880.0,90.1,89.01,60,200.0,戸田,13,,False,1
b-1193340008025,新築一戸建て,https://www.homes.co.jp/kodate/b-1193340008025/,26,4880.0,70.84,86.1,,,北赤羽,9,,False,1
b-37091040001420,新築一戸建て,https://www.homes.co.jp/kodate/b-37091040001420/,37,4880.0,90.1,89.01,,,戸田,13,,False,1
b-1243260007893,中古一戸建て,https://www.homes.co.jp/kodate/b-1243260007893/,24,4880.0,64.25,80.38,,,氷川台,10,18.0,False,1
b-35005140001829,中古一戸建て,https://www.homes.co.jp/kodate/b-35005140001829/,38,4880.0,100.21,105.98,,,中浦和,7,25.0,False,1
b-60000330218273,土地,https://www.homes.co.jp/tochi/b-60000330218273/,29,4880.0,40.11,,80,240.0,上野,10,,False,1
b-1303360011103,土地,https://www.homes.co.jp/tochi/b-1303360011103/,31,4880.0,123.1,,40,80.0,ひばりヶ丘,8,,False,1
b-39050830006048,新築一戸建て,https://www.homes.co.jp/kodate/b-39050830006048/,38,4890.0,89.63,92.32,,,保谷,15,,False,1
b-1193340008043,土地,https://www.homes.co.jp/tochi/b-1193340008043/,24,4890.0,90.23,,60,300.0,ときわ台,9,,False,1
b-1170260010695,土地,https://www.homes.co.jp/tochi/b-1170260010695/,33,4950.0,82.63,,60,160.0,赤羽岩淵,5,,False,1
b-1074240057790,土地,https://www.homes.co.jp/tochi/b-1074240057790/,29,4950.0,82.63,,60,200.0,赤羽岩淵,5,,False,1
b-1191550004749,土地,https://www.homes.co.jp/tochi/b-1191550004749/,28,4950.0,82.63,,60,200.0,赤羽,13,,False,1
b-1243260007938,土地,https://www.homes.co.jp/tochi/b-1243260007938/,28,4950.0,76.03,,60,160.0,赤羽岩淵,5,,False,1
b-1445390000601,土地,https://www.homes.co.jp/tochi/b-1445390000601/,33,4950.0,82.63,,60,200.0,埼玉高速鉄道赤羽岩淵,5,,False,1
b-17020970014996,新築一戸建て,https://www.homes.co.jp/kodate/b-17020970014996/,38,4980.0,60.02,91.29,60,160.0,武蔵浦和,9,,False,1
b-17037180000235,中古一戸建て,https://www.homes.co.jp/kodate/b-17037180000235/,31,4980.0,105.68,84.46,40,80.0,ひばりヶ丘,8,,False,1
b-1421770003669,新築一戸建て,https://www.homes.co.jp/kodate/b-1421770003669/,15,4980.0,33.48,53.45,,,北池袋,7,,False,1
b-87130011067,新築一戸建て,https://www.homes.co.jp/kodate/b-87130011067/,39,4980.0,58.47,95.7,,,北戸田,13,,False,1
b-37021790000344,新築一戸建て,https://www.homes.co.jp/kodate/b-37021790000344/,31,4980.0,105.68,84.46,,,ひばりヶ丘,8,,False,1
b-1222100008171,新築一戸建て,https://www.homes.co.jp/kodate/b-1222100008171/,31,4980.0,105.69,84.46,,,ひばりヶ丘,8,,False,1
b-17074110000082,新築一戸建て,https://www.homes.co.jp/kodate/b-17074110000082/,37,4990.0,55.04,106.08,60,200.0,朝霞,14,,False,1
b-17054720000737,新築一戸建て,https://www.homes.co.jp/kodate/b-17054720000737/,35,4990.0,55.04,106.08,60,200.0,朝霞,14,,False,1
b-17077860000076,新築一戸建て,https://www.homes.co.jp/kodate/b-17077860000076/,37,4990.0,55.04,106.08,60,,朝霞,14,,False,1
b-1364890000076,テラスハウス,https://www.homes.co.jp/kodate/b-1364890000076/,20,4990.0,304.91,63.69,,,西巣鴨,7,3.0,False,1
b-1318040004417,新築一戸建て,https://www.homes.co.jp/kodate/b-1318040004417/,37,4990.0,61.4,113.66,,,朝霞,14,,False,1
b-1187850004007,新築一戸建て,https://www.homes.co.jp/kodate/b-1187850004007/,37,4990.0,61.47,113.66,,,朝霞,14,,False,1
b-1243260007742,土地,https://www.homes.co.jp/tochi/b-1243260007742/,19,4990.0,49.92,,60,160.0,西日暮里,5,,False,1
b-87570010157,中古一戸建て,https://www.homes.co.jp/kodate/b-87570010157/,27,4998.0,64.81,108.54,,,戸田公園,5,22.0,False,1
b-1252630007982,中古一戸建て,https://www.homes.co.jp/kodate/b-1252630007982/,27,4998.0,64.81,96.39,,,戸田公園,5,22.0,False,1
b-1080060004297,土地,https://www.homes.co.jp/tochi/b-1080060004297/,24,4999.0,68.69,,60,300.0,中板橋,10,,False,1
b-1191550004729,土地,https://www.homes.co.jp/tochi/b-1191550004729/,21,4999.0,68.69,,60,300.0,大山,8,,False,1
b-1243260007899,土地,https://www.homes.co.jp/tochi/b-1243260007899/,21,4999.0,68.69,,60,160.0,大山,8,,False,1
b-17020970014247,新築一戸建て,https://www.homes.co.jp/kodate/b-17020970014247/,22,5080.0,39.1,72.44,80,300.0,北赤羽,5,,False,0
b-17074110000069,新築一戸建て,https://www.homes.co.jp/kodate/b-17074110000069/,33,5080.0,83.75,94.65,,,上板橋,13,,False,0
b-1388540004524,中古一戸建て,https://www.homes.co.jp/kodate/b-1388540004524/,25,5080.0,47.61,77.81,,,上板橋,5,10.0,False,0
b-1303360011104,土地,https://www.homes.co.jp/tochi/b-1303360011104/,31,5080.0,121.05,,40,80.0,ひばりヶ丘,8,,False,0
b-17069060005731,新築一戸建て,https://www.homes.co.jp/kodate/b-17069060005731/,38,5180.0,110.92,98.95,60,160.0,南与野,5,,False,0
b-17020970015106,新築一戸建て,https://www.homes.co.jp/kodate/b-17020970015106/,39,5180.0,110.92,98.95,60,160.0,南与野,6,,False,0
b-17074110000080,新築一戸建て,https://www.homes.co.jp/kodate/b-17074110000080/,35,5180.0,62.86,97.08,60,200.0,朝霞台,9,,False,0
b-35005460000572,新築一戸建て,https://www.homes.co.jp/kodate/b-35005460000572/,22,5180.0,45.73,85.85,,,ときわ台,4,,False,0
b-1342450002189,新築一戸建て,https://www.homes.co.jp/kodate/b-1342450002189/,38,5180.0,109.25,98.95,,,南与野,5,,False,0
b-1345000001026,新築一戸建て,https://www.homes.co.jp/kodate/b-1345000001026/,38,5180.0,110.92,98.95,,,南与野,5,,False,0
b-1444120000117,新築一戸建て,https://www.homes.co.jp/kodate/b-1444120000117/,39,5180.0,110.92,98.95,,,南与野,6,,False,0
b-1389130002376,新築一戸建て,https://www.homes.co.jp/kodate/b-1389130002376/,35,5180.0,62.86,97.08,,,朝霞台,9,,False,0
b-1000980064391,新築一戸建て,https://www.homes.co.jp/kodate/b-1000980064391/,38,5180.0,100.02,100.44,,,所沢,8,,False,0
b-1363260000243,中古一戸建て,https://www.homes.co.jp/kodate/b-1363260000243/,28,5180.0,49.78,81.99,,,桜台,13,11.0,False,0
b-1389720001274,中古一戸建て,https://www.homes.co.jp/kodate/b-1389720001274/,27,5180.0,75.07,89.9,,,保谷,4,14.0,False,0
b-1073170001876,土地,https://www.homes.co.jp/tochi/b-1073170001876/,33,5180.0,134.72,,40,80.0,ひばりヶ丘,10,,False,0
b-1080060004296,土地,https://www.homes.co.jp/tochi/b-1080060004296/,24,5199.0,68.69,,60,300.0,中板橋,10,,False,0
b-1243260007900,土地,https://www.homes.co.jp/tochi/b-1243260007900/,21,5199.0,68.69,,60,160.0,大山,8,,False,0
b-1445390000581,中古一戸建て,https://www.homes.co.jp/kodate/b-1445390000581/,30,5200.0,70.01,106.2,,,成増,12,6.0,False,0
b-1318040004427,中古一戸建て,https://www.homes.co.jp/kodate/b-1318040004427/,30,5200.0,70.01,94.33,,,成増,12,6.0,False,0
b-1309740000402,土地,https://www.homes.co.jp/tochi/b-1309740000402/,21,5200.0,109.63,,60,200180.0,平和台,5,,False,0
b-17020970014208,新築一戸建て,https://www.homes.co.jp/kodate/b-17020970014208/,36,5280.0,83.54,103.7,60,200.0,朝霞台,10,,False,0
b-1342030008142,新築一戸建て,https://www.homes.co.jp/kodate/b-1342030008142/,26,5280.0,77.36,94.81,,,十条,14,,False,0
b-1449860000121,新築一戸建て,https://www.homes.co.jp/kodate/b-1449860000121/,38,5280.0,74.75,91.53,,,武蔵浦和,9,,False,0
b-1041380012804,新築一戸建て,https://www.homes.co.jp/kodate/b-1041380012804/,38,5280.0,71.96,98.38,,,南与野,5,,False,0
b-8110126466,中古一戸建て,https://www.homes.co.jp/kodate/b-8110126466/,38,5280.0,74.75,91.53,,,武蔵浦和,9,2.0,False,0
b-83520001940,新築一戸建て,https://www.homes.co.jp/kodate/b-83520001940/,35,5280.0,100.01,90.72,,,和光市,14,,False,0
b-1172930002599,中古一戸建て,https://www.homes.co.jp/kodate/b-1172930002599/,35,5280.0,101.7,93.98,,,朝霞台,9,7.0,False,0
b-1448700000023,新築一戸建て,https://www.homes.co.jp/kodate/b-1448700000023/,37,5280.0,120.61,91.08,,,ひばりヶ丘,14,,False,0
b-1063580001403,土地,https://www.homes.co.jp/tochi/b-1063580001403/,23,5280.0,128.17,,60,200.0,富士見台,3,,False,0
b-1267560001127,土地,https://www.homes.co.jp/tochi/b-1267560001127/,26,5280.0,82.62,,60,200.0,練馬,11,,False,0
b-1458870000008,新築一戸建て,https://www.homes.co.jp/kodate/b-1458870000008/,32,5290.0,57.9,88.15,,,上板橋,12,,False,0
b-8110129162,新築一戸建て,https://www.homes.co.jp/kodate/b-8110129162/,38,5290.0,90.17,97.5,,,中浦和,7,,False,0
b-1318040004420,新築一戸建て,https://www.homes.co.jp/kodate/b-1318040004420/,37,5290.0,55.04,106.08,,,朝霞,14,,False,0
b-35005310001889,土地,https://www.homes.co.jp/tochi/b-35005310001889/,34,5300.0,98.23,,50,100.0,練馬高野台,12,,False,0
b-1265020004300,新築一戸建て,https://www.homes.co.jp/kodate/b-1265020004300/,31,5380.0,106.48,84.46,,,保谷,8,,False,0
b-89280012672,新築一戸建て,https://www.homes.co.jp/kodate/b-89280012672/,36,5390.0,85.14,119.81,,,清瀬,6,,False,0
b-88550014581,新築一戸建て,https://www.homes.co.jp/kodate/b-88550014581/,36,5390.0,119.69,97.11,,,東久留米,8,,False,0
b-17074110000055,新築一戸建て,https://www.homes.co.jp/kodate/b-17074110000055/,33,5398.0,60.2,100.81,60,200.0,朝霞台,7,,False,0
b-1448700000052,土地,https://www.homes.co.jp/tochi/b-1448700000052/,32,5400.0,138.89,,40,80.0,保谷,9,,False,0
b-1205950000572,土地,https://www.homes.co.jp/tochi/b-1205950000572/,28,5450.0,100.02,,60,200.0,和光市,7,,False,0
b-17062460000118,新築一戸建て,https://www.homes.co.jp/kodate/b-17062460000118/,37,5480.0,73.03,107.51,60,200.0,下赤塚,15,,False,0
b-17063840000054,土地,https://www.homes.co.jp/tochi/b-17063840000054/,25,5480.0,139.68,,50,100.0,富士見台,5,,False,0
b-17074750000066,新築一戸建て,https://www.homes.co.jp/kodate/b-17074750000066/,37,5480.0,136.14,99.63,60,,志木,9,,False,0
b-1318040004343,新築一戸建て,https://www.homes.co.jp/kodate/b-1318040004343/,37,5480.0,77.46,107.51,,,下赤塚,15,,False,0
b-1251430001009,中古一戸建て,https://www.homes.co.jp/kodate/b-1251430001009/,36,5480.0,96.33,97.71,,,戸田,12,4.0,False,0
b-90590000037,中古一戸建て,https://www.homes.co.jp/kodate/b-90590000037/,29,5480.0,100.0,94.9,,,戸田,5,9.0,False,0
b-1222400003518,土地,https://www.homes.co.jp/tochi/b-1222400003518/,27,5480.0,139.68,,50,100.0,練馬高野台,5,,False,0
b-1024880004999,土地,https://www.homes.co.jp/tochi/b-1024880004999/,32,5480.0,110.0,,50,100.0,保谷,9,,False,0
b-1197230006366,土地,https://www.homes.co.jp/tochi/b-1197230006366/,25,5480.0,60.42,,60,160.0,志茂,10,,False,0
b-1412500000307,土地,https://www.homes.co.jp/tochi/b-1412500000307/,26,5480.0,114.89,,60,150.0,新江古田,11,,False,0
b-1278120007424,中古一戸建て,https://www.homes.co.jp/kodate/b-1278120007424/,36,5490.0,78.88,76.18,,,井荻,11,4.0,False,0
b-1193620001282,中古一戸建て,https://www.homes.co.jp/kodate/b-1193620001282/,40,5500.0,39.55,63.95,,,勝どき,3,79.0,False,0
b-1352780000015,土地,https://www.homes.co.jp/tochi/b-1352780000015/,28,5550.0,86.0,,60,300.0,板橋区役所前,8,,False,0
b-1178370000797,土地,https://www.homes.co.jp/tochi/b-1178370000797/,23,5568.0,115.1,,50,100.0,ときわ台,5,,False,0
b-17074750000060,新築一戸建て,https://www.homes.co.jp/kodate/b-17074750000060/,26,5580.0,54.04,85.43,60,200.0,赤羽,11,,False,0
b-17007910000313,新築一戸建て,https://www.homes.co.jp/kodate/b-17007910000313/,29,5880.0,47.1,71.55,60,150.0,赤羽,14,,False,0
b-17015150003103,新築一戸建て,https://www.homes.co.jp/kodate/b-17015150003103/,32,5580.0,106.41,85.86,50,100.0,保谷,9,,False,0
b-17020970014466,新築一戸建て,https://www.homes.co.jp/kodate/b-17020970014466/,29,5580.0,62.26,85.59,60,196.0,中板橋,14,,False,0
b-1421770002777,新築一戸建て,https://www.homes.co.jp/kodate/b-1421770002777/,26,5580.0,54.04,87.66,,,赤羽岩淵,4,,False,0
b-1198450008441,新築一戸建て,https://www.homes.co.jp/kodate/b-1198450008441/,36,5580.0,90.31,78.35,,,大泉学園,15,,False,0
b-1358070000148,中古一戸建て,https://www.homes.co.jp/kodate/b-1358070000148/,36,5580.0,88.01,90.6,,,武蔵浦和,7,2.0,False,0
b-1080060004188,新築一戸建て,https://www.homes.co.jp/kodate/b-1080060004188/,36,5580.0,99.63,110.16,,,戸田公園,14,,False,0
b-1421770004151,新築一戸建て,https://www.homes.co.jp/kodate/b-1421770004151/,35,5590.0,110.68,88.39,,,東久留米,7,,False,0
b-1231900022919,中古一戸建て,https://www.homes.co.jp/kodate/b-1231900022919/,21,5600.0,39.6,59.35,,,東新宿,7,31.0,True,0
b-17010620000116,土地,https://www.homes.co.jp/tochi/b-17010620000116/,26,5630.0,106.02,,50,100.0,練馬,11,,False,0
b-1445390000540,土地,https://www.homes.co.jp/tochi/b-1445390000540/,26,5630.0,105.24,,50,100.0,練馬,11,,False,0
b-1040260008489,新築一戸建て,https://www.homes.co.jp/kodate/b-1040260008489/,33,5640.0,62.16,101.63,,,朝霞台,7,,False,0
b-17000120000425,新築一戸建て,https://www.homes.co.jp/kodate/b-17000120000425/,30,5648.0,100.04,75.49,40,80.0,成増,12,,False,0
b-1252620008725,中古一戸建て,https://www.homes.co.jp/kodate/b-1252620008725/,17,5660.0,24.59,56.56,,,西日暮里,3,34.0,False,0
b-1458870000027,土地,https://www.homes.co.jp/tochi/b-1458870000027/,23,5670.0,70.15,,70,160.0,地下鉄赤塚,5,,False,0
b-17007910000317,新築一戸建て,https://www.homes.co.jp/kodate/b-17007910000317/,27,5880.0,53.21,98.2,60,200.0,北赤羽,10,,False,0
b-17017120000334,新築一戸建て,https://www.homes.co.jp/kodate/b-17017120000334/,28,5680.0,101.02,91.12,60,200.0,保谷,5,,False,0
b-17037180000268,新築一戸建て,https://www.homes.co.jp/kodate/b-17037180000268/,28,5680.0,90.05,91.12,60,200.0,保谷,5,,False,0
b-17020970014288,新築一戸建て,https://www.homes.co.jp/kodate/b-17020970014288/,29,5680.0,101.02,91.12,60,160.0,保谷,6,,False,0
b-1242100006857,新築一戸建て,https://www.homes.co.jp/kodate/b-1242100006857/,39,5680.0,38.28,64.63,,,下神明,8,,False,0
b-1391690000284,新築一戸建て,https://www.homes.co.jp/kodate/b-1391690000284/,35,5680.0,94.1,96.74,,,下赤塚,13,,False,0
b-1278120007421,新築一戸建て,https://www.homes.co.jp/kodate/b-1278120007421/,28,5680.0,101.02,96.0,,,保谷,5,,False,0
b-1259990001286,中古一戸建て,https://www.homes.co.jp/kodate/b-1259990001286/,29,5680.0,57.82,87.02,,,赤羽岩淵,6,7.0,False,0
b-1421770002900,中古一戸建て,https://www.homes.co.jp/kodate/b-1421770002900/,38,5680.0,107.56,106.53,,,ひばりヶ丘,15,17.0,False,0
b-1219650010992,土地,https://www.homes.co.jp/tochi/b-1219650010992/,24,5680.0,80.5,,60,160.0,練馬,9,,False,0
b-1373850000541,土地,https://www.homes.co.jp/tochi/b-1373850000541/,22,5690.0,104.1,,50,100.0,桜台,7,,False,0
b-17074110000063,新築一戸建て,https://www.homes.co.jp/kodate/b-17074110000063/,34,5698.0,52.8,96.14,60,200.0,和光市,13,,False,0
b-1040260008540,新築一戸建て,https://www.homes.co.jp/kodate/b-1040260008540/,35,5698.0,52.82,96.14,,,和光市,14,,False,0
b-17003640000329,新築一戸建て,https://www.homes.co.jp/kodate/b-17003640000329/,31,5730.0,118.01,93.98,40,80.0,ひばりケ丘,8,,False,0
b-17017120000335,新築一戸建て,https://www.homes.co.jp/kodate/b-17017120000335/,31,5730.0,118.01,93.98,40,80.0,ひばりヶ丘,8,,False,0
b-1000980063446,中古一戸建て,https://www.homes.co.jp/kodate/b-1000980063446/,31,5730.0,135.41,181.75,,,東久留米,3,28.0,False,0
b-17020970015053,新築一戸建て,https://www.homes.co.jp/kodate/b-17020970015053/,25,5780.0,63.51,78.36,60,80.0,上板橋,5,,False,0
b-17074750000057,土地,https://www.homes.co.jp/tochi/b-17074750000057/,29,5780.0,62.5,,80,200.0,白山,6,,False,0
b-1318030005719,中古一戸建て,https://www.homes.co.jp/kodate/b-1318030005719/,16,5780.0,42.91,72.41,,,雑司が谷,6,8.0,False,0
b-88120000581,新築一戸建て,https://www.homes.co.jp/kodate/b-88120000581/,28,5780.0,103.64,91.12,,,保谷,5,,False,0
b-1078830008984,新築一戸建て,https://www.homes.co.jp/kodate/b-1078830008984/,36,5780.0,71.0,99.56,,,南与野,3,,False,0
b-1040260008509,新築一戸建て,https://www.homes.co.jp/kodate/b-1040260008509/,30,5780.0,77.62,95.57,,,成増,12,,False,0
b-14300018122,中古一戸建て,https://www.homes.co.jp/kodate/b-14300018122/,20,5780.0,42.0,67.1,,,庚申塚,7,13.0,False,0
b-1445390000059,中古一戸建て,https://www.homes.co.jp/kodate/b-1445390000059/,22,5780.0,71.81,91.9,,,ときわ台,4,23.0,False,0
b-1370090000233,中古一戸建て,https://www.homes.co.jp/kodate/b-1370090000233/,21,5780.0,71.81,91.9,,,ときわ台,3,23.0,False,0
b-1259990001233,土地,https://www.homes.co.jp/tochi/b-1259990001233/,29,5780.0,62.5,,90,240.0,白山,6,,False,0
b-17072720000014,新築一戸建て,https://www.homes.co.jp/kodate/b-17072720000014/,29,5790.0,65.01,108.42,60,200.0,赤羽岩淵,8,,False,0
b-17059430001870,新築一戸建て,https://www.homes.co.jp/kodate/b-17059430001870/,29,5790.0,65.01,108.42,60,200.0,赤羽,14,,False,0
b-17076380000120,新築一戸建て,https://www.homes.co.jp/kodate/b-17076380000120/,39,5790.0,122.55,114.89,50,100.0,清瀬,9,,False,0
b-17063820000121,中古一戸建て,https://www.homes.co.jp/kodate/b-17063820000121/,39,5790.0,122.55,114.89,50,100.0,清瀬,9,,False,0
b-1193340007923,新築一戸建て,https://www.homes.co.jp/kodate/b-1193340007923/,36,5790.0,65.01,108.42,,,赤羽岩淵,8,,False,0
b-1358110001468,新築一戸建て,https://www.homes.co.jp/kodate/b-1358110001468/,29,5790.0,58.88,106.59,,,北戸田,3,,False,0
b-1010870033217,新築一戸建て,https://www.homes.co.jp/kodate/b-1010870033217/,39,5790.0,122.55,114.89,,,清瀬,9,,False,0
b-1243260007903,中古一戸建て,https://www.homes.co.jp/kodate/b-1243260007903/,28,5800.0,60.34,103.53,,,上板橋,8,5.0,False,0
b-1173850010059,中古一戸建て,https://www.homes.co.jp/kodate/b-1173850010059/,14,5800.0,51.39,62.4,,,高田馬場,7,42.0,False,0
b-1388540004625,中古一戸建て,https://www.homes.co.jp/kodate/b-1388540004625/,13,5850.0,47.85,99.99,,,板橋,3,17.0,False,0
b-1193340008041,中古一戸建て,https://www.homes.co.jp/kodate/b-1193340008041/,13,5850.0,47.85,96.75,,,板橋,3,17.0,False,0
b-1193340008046,土地,https://www.homes.co.jp/tochi/b-1193340008046/,11,5850.0,58.53,,80,300.0,椎名町,2,,False,0
b-1318030005732,中古一戸建て,https://www.homes.co.jp/kodate/b-1318030005732/,12,5880.0,31.88,61.56,,,池袋,12,5.0,False,0
b-1445460000082,新築一戸建て,https://www.homes.co.jp/kodate/b-1445460000082/,20,5880.0,54.46,85.69,,,北赤羽,3,,False,0
b-1448700000025,新築一戸建て,https://www.homes.co.jp/kodate/b-1448700000025/,29,5880.0,102.55,81.99,,,ひばりヶ丘,6,,False,0
b-1010870033000,土地,https://www.homes.co.jp/tochi/b-1010870033000/,38,5880.0,138.5,,80,200.0,ひばりヶ丘,15,,False,0
b-1224970000248,土地,https://www.homes.co.jp/tochi/b-1224970000248/,31,5880.0,96.67,,60,200160.0,ときわ台,13,,False,0
b-1446370000222,土地,https://www.homes.co.jp/tochi/b-1446370000222/,17,5880.0,61.83,,60,150.0,高田馬場,10,,False,0
b-1358110001467,新築一戸建て,https://www.homes.co.jp/kodate/b-1358110001467/,29,5890.0,58.88,105.35,,,北戸田,3,,False,0
b-37091310000158,新築一戸建て,https://www.homes.co.jp/kodate/b-37091310000158/,39,5890.0,100.1,97.63,,,志木,11,,False,0
b-1331950010943,新築一戸建て,https://www.homes.co.jp/kodate/b-1331950010943/,22,5898.0,80.13,80.11,,,平和台,6,,False,0
b-17020970014876,新築一戸建て,https://www.homes.co.jp/kodate/b-17020970014876/,21,5980.0,63.4,88.26,60,300.0,新板橋,6,,False,0
b-17020970014204,新築一戸建て,https://www.homes.co.jp/kodate/b-17020970014204/,39,5980.0,109.83,97.53,60,160.0,武蔵浦和,10,,False,0
b-17077110000042,土地,https://www.homes.co.jp/tochi/b-17077110000042/,35,5980.0,148.86,,50,100.0,保谷,12,,False,0
b-17020970012296,土地,https://www.homes.co.jp/tochi/b-17020970012296/,25,5980.0,114.67,,50,100.0,富士見台,5,,False,0
b-90470000025,新築一戸建て,https://www.homes.co.jp/kodate/b-90470000025/,13,5980.0,50.42,80.05,,,要町,5,,False,0
b-1421770004099,新築一戸建て,https://www.homes.co.jp/kodate/b-1421770004099/,28,5980.0,59.49,99.32,,,赤羽岩淵,3,,False,0
b-1390880002436,新築一戸建て,https://www.homes.co.jp/kodate/b-1390880002436/,39,5980.0,109.83,97.53,,,武蔵浦和,10,,False,0
b-1231900022852,中古一戸建て,https://www.homes.co.jp/kodate/b-1231900022852/,25,5980.0,50.13,80.17,,,若松河田,5,14.0,False,0
b-39030740000413,中古一戸建て,https://www.homes.co.jp/kodate/b-39030740000413/,25,5980.0,59.08,104.16,,,上板橋,5,21.0,False,0
b-1421550000016,中古一戸建て,https://www.homes.co.jp/kodate/b-1421550000016/,15,5980.0,45.31,71.93,,,椎名町,6,20.0,False,0
b-1175550010506,新築一戸建て,https://www.homes.co.jp/kodate/b-1175550010506/,39,5980.0,111.5,102.56,,,鶴瀬,4,,False,0
b-1318030005759,中古一戸建て,https://www.homes.co.jp/kodate/b-1318030005759/,19,5980.0,66.18,89.5,,,北池袋,9,25.0,False,0
b-88530012643,中古一戸建て,https://www.homes.co.jp/kodate/b-88530012643/,33,5980.0,108.81,86.42,,,所沢,3,18.0,False,0
b-1331680000088,中古一戸建て,https://www.homes.co.jp/kodate/b-1331680000088/,29,5980.0,83.29,159.76,,,大泉学園,8,27.0,False,0
b-1309740000435,中古一戸建て,https://www.homes.co.jp/kodate/b-1309740000435/,30,5980.0,172.16,151.73,,,朝霞,7,22.0,False,0
b-1074240050230,中古一戸建て,https://www.homes.co.jp/kodate/b-1074240050230/,33,5980.0,119.8,115.86,,,石神井公園,15,33.0,False,0
b-35005460000586,土地,https://www.homes.co.jp/tochi/b-35005460000586/,16,5980.0,79.37,,60,160.0,椎名町,7,,False,0
b-1222100008314,土地,https://www.homes.co.jp/tochi/b-1222100008314/,35,5980.0,148.56,,50,100.0,保谷,12,,False,0
b-88120000563,土地,https://www.homes.co.jp/tochi/b-88120000563/,27,5980.0,153.83,,50,100.0,ひばりヶ丘,4,,False,0
b-1292750000798,土地,https://www.homes.co.jp/tochi/b-1292750000798/,15,5980.0,66.44,,60,300.0,高田馬場,8,,False,0
b-17062460000119,新築一戸建て,https://www.homes.co.jp/kodate/b-17062460000119/,32,5990.0,122.01,96.25,40,80.0,成増,14,,False,0
b-1194040218433,新築一戸建て,https://www.homes.co.jp/kodate/b-1194040218433/,29,5990.0,65.01,108.42,,,赤羽,14,,False,0
b-1191550004705,新築一戸建て,https://www.homes.co.jp/kodate/b-1191550004705/,32,5990.0,122.01,96.25,,,成増,14,,False,0
b-1267560001116,新築一戸建て,https://www.homes.co.jp/kodate/b-1267560001116/,31,5990.0,105.03,86.94,,,地下鉄赤塚,13,,False,0
b-89280012582,新築一戸建て,https://www.homes.co.jp/kodate/b-89280012582/,39,5990.0,156.95,111.51,,,清瀬,9,,False,0
b-1080060004171,土地,https://www.homes.co.jp/tochi/b-1080060004171/,20,6080.0,81.08,,50,150.0,氷川台,6,,False,0
b-1000980062867,新築一戸建て,https://www.homes.co.jp/kodate/b-1000980062867/,33,6090.0,101.37,85.7,,,中村橋,14,,False,0
b-1229390001961,新築一戸建て,https://www.homes.co.jp/kodate/b-1229390001961/,30,6090.0,88.07,93.15,,,石神井公園,12,,False,0
b-1265020004175,新築一戸建て,https://www.homes.co.jp/kodate/b-1265020004175/,29,6090.0,88.07,93.15,,,石神井公園,11,,False,0
b-1337010000509,土地,https://www.homes.co.jp/tochi/b-1337010000509/,32,6130.0,45.2,,60,200160.0,中目黒,9,,False,0
b-17019050000409,新築一戸建て,https://www.homes.co.jp/kodate/b-17019050000409/,30,6150.0,80.01,79.48,50,100.0,大泉学園,9,,False,0
b-1278120007286,新築一戸建て,https://www.homes.co.jp/kodate/b-1278120007286/,30,6150.0,80.01,79.48,,,大泉学園,9,,False,0
b-1222100008312,新築一戸建て,https://www.homes.co.jp/kodate/b-1222100008312/,30,6150.0,80.01,79.48,,,上石神井,5,,False,0
b-17008270000069,新築一戸建て,https://www.homes.co.jp/kodate/b-17008270000069/,31,6155.0,153.78,107.38,,,西武バス,5,,False,0
b-17020970014040,新築一戸建て,https://www.homes.co.jp/kodate/b-17020970014040/,26,6180.0,65.32,91.59,60,80.0,板橋本町,8,,False,0
b-17001580000260,新築一戸建て,https://www.homes.co.jp/kodate/b-17001580000260/,35,6180.0,82.04,84.66,60,160.0,東武練馬,13,,False,0
b-17020970014031,新築一戸建て,https://www.homes.co.jp/kodate/b-17020970014031/,25,6180.0,60.97,81.51,60,150.0,赤羽,10,,False,0
b-17019050000399,新築一戸建て,https://www.homes.co.jp/kodate/b-17019050000399/,32,6180.0,89.24,90.46,50,60.0,大泉学園,11,,False,0
b-1421770003972,新築一戸建て,https://www.homes.co.jp/kodate/b-1421770003972/,15,6180.0,39.18,63.38,,,下落合,7,,False,0
b-1437370000023,新築一戸建て,https://www.homes.co.jp/kodate/b-1437370000023/,24,6180.0,41.45,86.84,,,桜台,9,,False,0
b-37091310000188,新築一戸建て,https://www.homes.co.jp/kodate/b-37091310000188/,35,6180.0,82.04,84.66,,,東武練馬,13,,False,0
b-1222100008286,新築一戸建て,https://www.homes.co.jp/kodate/b-1222100008286/,32,6180.0,89.24,90.46,,,上石神井,6,,False,0
b-1443180000007,中古一戸建て,https://www.homes.co.jp/kodate/b-1443180000007/,21,6180.0,56.02,81.86,,,田端,9,18.0,False,0
b-17054720000728,新築一戸建て,https://www.homes.co.jp/kodate/b-17054720000728/,32,6190.0,122.01,96.25,40,80.0,成増,14,,False,0
b-1364890000136,中古テラスハウス,https://www.homes.co.jp/kodate/b-1364890000136/,20,6190.0,304.91,71.05,,,西巣鴨,7,3.0,False,0
b-1193340008039,土地,https://www.homes.co.jp/tochi/b-1193340008039/,23,6190.0,83.0,,60,300.0,ときわ台,7,,False,0
b-1161840068270,土地,https://www.homes.co.jp/tochi/b-1161840068270/,33,6200.0,195.02,,60,200.0,戸田,9,,False,0
b-1013420028157,土地,https://www.homes.co.jp/tochi/b-1013420028157/,20,6250.0,110.87,,60,150.0,桜台,5,,False,0
b-1423180000095,土地,https://www.homes.co.jp/tochi/b-1423180000095/,16,6250.0,39.77,,60,160.0,護国寺,6,,False,0
b-17074750000063,新築一戸建て,https://www.homes.co.jp/kodate/b-17074750000063/,27,6280.0,60.07,105.7,60,160.0,小竹向原,15,,False,0
b-17020970014098,新築一戸建て,https://www.homes.co.jp/kodate/b-17020970014098/,25,6280.0,53.77,92.77,60,160.0,小竹向原,13,,False,0
b-1262370001248,新築一戸建て,https://www.homes.co.jp/kodate/b-1262370001248/,28,6280.0,46.88,113.9,,,三河島,1,,False,0
b-1231900022924,中古一戸建て,https://www.homes.co.jp/kodate/b-1231900022924/,19,6280.0,59.36,71.13,,,大久保,7,19.0,False,0
b-1243260007897,土地,https://www.homes.co.jp/tochi/b-1243260007897/,23,6280.0,46.4,,80,300.0,春日,9,,False,0
b-17066580000266,新築一戸建て,https://www.homes.co.jp/kodate/b-17066580000266/,38,6290.0,94.53,103.71,60,200.0,所沢,8,,False,0
b-9500061584,新築一戸建て,https://www.homes.co.jp/kodate/b-9500061584/,38,6290.0,94.53,103.71,,,所沢,8,,False,0
b-1243260007881,中古一戸建て,https://www.homes.co.jp/kodate/b-1243260007881/,27,6290.0,122.14,152.91,,,小台,5,30.0,False,0
b-35005460000609,中古一戸建て,https://www.homes.co.jp/kodate/b-35005460000609/,27,6290.0,90.32,152.91,,,小台,5,30.0,False,0
b-1193340008076,中古一戸建て,https://www.homes.co.jp/kodate/b-1193340008076/,16,6350.0,50.87,78.85,,,向原,5,28.0,False,0
b-1013420028152,土地,https://www.homes.co.jp/tochi/b-1013420028152/,20,6350.0,124.22,,60,150.0,桜台,5,,False,0
b-17059470000802,新築一戸建て,https://www.homes.co.jp/kodate/b-17059470000802/,29,6380.0,80.59,80.32,,,練馬高野台,7,,False,0
b-17063820000128,新築一戸建て,https://www.homes.co.jp/kodate/b-17063820000128/,29,6380.0,80.59,80.32,50,100.0,練馬高野台,7,,False,0
b-17019050000405,新築一戸建て,https://www.homes.co.jp/kodate/b-17019050000405/,28,6380.0,85.81,81.8,50,100.0,地下鉄赤塚,11,,False,0
b-17066580000241,新築一戸建て,https://www.homes.co.jp/kodate/b-17066580000241/,37,6380.0,106.92,119.23,60,,所沢,7,,False,0
b-17060590000327,新築一戸建て,https://www.homes.co.jp/kodate/b-17060590000327/,37,6380.0,105.62,114.27,60,200.0,所沢,7,,False,0
b-17077260000470,新築一戸建て,https://www.homes.co.jp/kodate/b-17077260000470/,37,6380.0,106.92,119.23,60,160.0,所沢,7,,False,0
b-1080060003936,新築一戸建て,https://www.homes.co.jp/kodate/b-1080060003936/,26,6380.0,96.73,90.97,,,桜台,12,,False,0
b-1426650000022,新築一戸建て,https://www.homes.co.jp/kodate/b-1426650000022/,24,6380.0,60.2,99.02,,,東十条,6,,False,0
b-1318040004408,新築一戸建て,https://www.homes.co.jp/kodate/b-1318040004408/,28,6380.0,85.81,81.8,,,地下鉄赤塚,11,,False,0
b-1359690005243,新築一戸建て,https://www.homes.co.jp/kodate/b-1359690005243/,37,6380.0,106.92,119.23,,,所沢,7,,False,0
b-1370100004635,新築一戸建て,https://www.homes.co.jp/kodate/b-1370100004635/,32,6440.0,100.0,103.92,,,北戸田,6,,False,0
b-1169130021051,土地,https://www.homes.co.jp/tochi/b-1169130021051/,25,6450.0,28.69,,80,800.0,秋葉原,2,,False,0
b-1271630001434,中古一戸建て,https://www.homes.co.jp/kodate/b-1271630001434/,34,6470.0,89.88,160.02,,,朝霞台,8,32.0,False,0
b-17054540001012,新築一戸建て,https://www.homes.co.jp/kodate/b-17054540001012/,35,6480.0,94.1,95.23,60,200.0,上板橋,15,,False,0
b-1421770002980,中古一戸建て,https://www.homes.co.jp/kodate/b-1421770002980/,20,6480.0,62.75,62.75,,,下落合,5,2.0,False,0
b-1408940000154,中古一戸建て,https://www.homes.co.jp/kodate/b-1408940000154/,21,6480.0,62.75,65.8,,,下落合,5,2.0,False,0
b-1388540004352,中古一戸建て,https://www.homes.co.jp/kodate/b-1388540004352/,20,6480.0,62.75,62.8,,,下落合,5,2.0,False,0
b-1252630008057,新築一戸建て,https://www.homes.co.jp/kodate/b-1252630008057/,10,6480.0,49.42,58.1,,,要町,6,,False,0
b-1245150000851,新築一戸建て,https://www.homes.co.jp/kodate/b-1245150000851/,29,6480.0,55.35,100.23,,,日暮里舎人ライナー赤土小学校前,4,,False,0
b-1231900022898,中古一戸建て,https://www.homes.co.jp/kodate/b-1231900022898/,17,6480.0,57.41,70.22,,,西早稲田,5,12.0,False,0
b-1309740000399,中古一戸建て,https://www.homes.co.jp/kodate/b-1309740000399/,29,6480.0,64.69,100.44,,,ときわ台,11,2.0,False,0
b-35005460000599,中古一戸建て,https://www.homes.co.jp/kodate/b-35005460000599/,21,6480.0,81.44,103.49,,,大山,8,15.0,False,0
b-1214390000272,中古一戸建て,https://www.homes.co.jp/kodate/b-1214390000272/,36,6480.0,66.11,61.26,,,自由が丘,9,40.0,False,0
b-87130011157,土地,https://www.homes.co.jp/tochi/b-87130011157/,13,6480.0,64.82,,60,300.0,東池袋,5,,False,0
b-1400020002180,土地,https://www.homes.co.jp/tochi/b-1400020002180/,40,6480.0,64.23,,60,200.0,学芸大学,11,,False,0
b-1073170001886,土地,https://www.homes.co.jp/tochi/b-1073170001886/,28,6480.0,122.32,,50,100.0,地下鉄赤塚,10,,False,0
b-1446370000128,土地,https://www.homes.co.jp/tochi/b-1446370000128/,19,6480.0,62.75,,60,150.0,下落合,5,,False,0
b-1169130020982,土地,https://www.homes.co.jp/tochi/b-1169130020982/,17,6480.0,57.41,,60,300.0,西早稲田,5,,False,0
b-1265020004376,新築一戸建て,https://www.homes.co.jp/kodate/b-1265020004376/,28,6490.0,86.38,87.93,,,石神井公園,10,,False,0
b-1169130017571,中古一戸建て,https://www.homes.co.jp/kodate/b-1169130017571/,17,6490.0,61.55,83.01,,,新大久保,8,19.0,False,0
b-1222100007788,中古一戸建て,https://www.homes.co.jp/kodate/b-1222100007788/,29,6490.0,83.29,159.76,,,成増,4,27.0,False,0
b-17077110000036,新築一戸建て,https://www.homes.co.jp/kodate/b-17077110000036/,27,6498.0,86.66,96.24,80,240.0,富士見台,7,,False,0
b-1080060004225,新築一戸建て,https://www.homes.co.jp/kodate/b-1080060004225/,27,6498.0,86.66,96.24,,,富士見台,7,,False,0
b-1267650017443,中古一戸建て,https://www.homes.co.jp/kodate/b-1267650017443/,29,6500.0,50.79,86.01,,,日暮里舎人ライナー赤土小学校前,2,4.0,False,0
b-1013420028161,土地,https://www.homes.co.jp/tochi/b-1013420028161/,20,6550.0,92.61,,60,150.0,桜台,5,,False,0
b-1080060004366,土地,https://www.homes.co.jp/tochi/b-1080060004366/,20,6550.0,92.13,,60,150.0,桜台,5,,False,0
b-1373820000467,新築一戸建て,https://www.homes.co.jp/kodate/b-1373820000467/,14,6580.0,48.73,80.23,,,北池袋,4,,False,0
b-1358090006116,中古一戸建て,https://www.homes.co.jp/kodate/b-1358090006116/,15,6580.0,52.67,74.56,,,新大久保,6,20.0,False,0
b-37091310000115,新築一戸建て,https://www.homes.co.jp/kodate/b-37091310000115/,29,6580.0,66.92,92.43,,,中板橋,14,,False,0
b-35005460000587,中古一戸建て,https://www.homes.co.jp/kodate/b-35005460000587/,19,6580.0,62.76,86.26,,,ときわ台,1,16.0,False,0
b-1400020002223,土地,https://www.homes.co.jp/tochi/b-1400020002223/,23,6580.0,50.0,,60,300.0,田端,12,,False,0
b-1388540003186,中古一戸建て,https://www.homes.co.jp/kodate/b-1388540003186/,26,6600.0,194.51,107.39,,,小竹向原,14,60.0,False,0
b-1388540003185,土地,https://www.homes.co.jp/tochi/b-1388540003185/,26,6600.0,194.51,,60,200.0,小竹向原,14,,False,0
b-1170260010582,新築一戸建て,https://www.homes.co.jp/kodate/b-1170260010582/,30,6650.0,46.89,91.21,,,志茂,10,,False,0
b-8410106628,中古一戸建て,https://www.homes.co.jp/kodate/b-8410106628/,30,6650.0,46.89,91.21,,,志茂,10,1.0,False,0
b-17020970015109,新築一戸建て,https://www.homes.co.jp/kodate/b-17020970015109/,18,6680.0,40.66,66.03,60,160.0,護国寺,8,,False,0
b-17074750000064,新築一戸建て,https://www.homes.co.jp/kodate/b-17074750000064/,32,6680.0,100.84,104.13,50,100.0,下赤塚,16,,False,0
b-1219650010965,新築一戸建て,https://www.homes.co.jp/kodate/b-1219650010965/,32,6680.0,100.84,98.34,,,地下鉄赤塚,14,,False,0
b-1310050000758,土地,https://www.homes.co.jp/tochi/b-1310050000758/,8,6680.0,50.57,,60,160.0,池袋,8,,False,0
b-1170260010689,土地,https://www.homes.co.jp/tochi/b-1170260010689/,14,6680.0,71.67,,60,160.0,十条,2,,False,0
b-1193340008069,土地,https://www.homes.co.jp/tochi/b-1193340008069/,14,6680.0,71.67,,60,300.0,十条,2,,False,0
b-1243260007923,土地,https://www.homes.co.jp/tochi/b-1243260007923/,14,6680.0,70.67,,60,300.0,十条,2,,False,0
b-1219650011011,新築一戸建て,https://www.homes.co.jp/kodate/b-1219650011011/,31,6690.0,79.99,107.1,,,石神井公園,13,,False,0
b-1206630001570,土地,https://www.homes.co.jp/tochi/b-1206630001570/,31,6699.5,68.32,,80,240.0,浅草橋,3,,False,0
b-35005310001891,中古一戸建て,https://www.homes.co.jp/kodate/b-35005310001891/,33,6700.0,186.2,99.46,,,保谷,10,2.0,False,0
b-1080060004367,土地,https://www.homes.co.jp/tochi/b-1080060004367/,20,6750.0,92.92,,60,150.0,桜台,5,,False,0
b-17020970015077,新築一戸建て,https://www.homes.co.jp/kodate/b-17020970015077/,30,6780.0,66.46,112.34,60,160.0,上板橋,10,,False,0
b-17020970013482,新築一戸建て,https://www.homes.co.jp/kodate/b-17020970013482/,16,6780.0,61.23,103.4,60,160.0,千川,6,,False,0
b-17059430001880,新築一戸建て,https://www.homes.co.jp/kodate/b-17059430001880/,32,6780.0,115.92,92.34,40,80.0,下井草,10,,False,0
b-17054720000727,新築一戸建て,https://www.homes.co.jp/kodate/b-17054720000727/,27,6780.0,68.89,103.91,80,160.0,下赤塚,8,,False,0
b-17059430001771,新築一戸建て,https://www.homes.co.jp/kodate/b-17059430001771/,29,6780.0,67.7,11.36,60,150.0,赤羽,14,,False,0
b-1379290000887,新築一戸建て,https://www.homes.co.jp/kodate/b-1379290000887/,19,6780.0,51.77,86.58,,,駒込,9,,False,0
b-1379290001093,新築一戸建て,https://www.homes.co.jp/kodate/b-1379290001093/,34,6780.0,115.92,92.34,,,下井草,10,,False,0
b-1421770004190,新築一戸建て,https://www.homes.co.jp/kodate/b-1421770004190/,26,6780.0,67.7,111.36,,,東十条,13,,False,0
b-1318040004422,新築一戸建て,https://www.homes.co.jp/kodate/b-1318040004422/,27,6780.0,68.89,103.91,,,下赤塚,8,,False,0
b-88120000583,新築一戸建て,https://www.homes.co.jp/kodate/b-88120000583/,28,6780.0,107.47,96.12,,,石神井公園,10,,False,0
b-90470000003,新築一戸建て,https://www.homes.co.jp/kodate/b-90470000003/,32,6780.0,60.24,67.72,,,目黒,9,,False,0
b-1309740000437,中古一戸建て,https://www.homes.co.jp/kodate/b-1309740000437/,30,6780.0,111.97,109.43,,,地下鉄赤塚,13,22.0,False,0
b-1243260007932,土地,https://www.homes.co.jp/tochi/b-1243260007932/,19,6780.0,83.27,,60,200.0,小竹向原,7,,False,0
b-1445460000055,土地,https://www.homes.co.jp/tochi/b-1445460000055/,21,6780.0,100.29,,50,100.0,桜台,6,,False,0
b-1277580000197,新築一戸建て,https://www.homes.co.jp/kodate/b-1277580000197/,19,6790.0,64.68,110.72,,,板橋,4,,False,0
b-1382440000206,土地,https://www.homes.co.jp/tochi/b-1382440000206/,20,6850.0,93.12,,60,150.0,桜台,5,,False,0
b-1013420028162,土地,https://www.homes.co.jp/tochi/b-1013420028162/,20,6850.0,92.57,,60,150.0,桜台,5,,False,0
b-1080060004368,土地,https://www.homes.co.jp/tochi/b-1080060004368/,20,6850.0,82.57,,60,150.0,桜台,5,,False,0
b-17059430001841,新築一戸建て,https://www.homes.co.jp/kodate/b-17059430001841/,20,6880.0,44.53,87.93,80,600.0,西巣鴨,3,,False,0
b-17037180000266,新築一戸建て,https://www.homes.co.jp/kodate/b-17037180000266/,28,6880.0,87.75,85.08,50,100.0,大泉学園,7,,False,0
b-1193340007970,新築一戸建て,https://www.homes.co.jp/kodate/b-1193340007970/,22,6880.0,44.53,87.93,,,西巣鴨,2,,False,0
b-1198450008423,新築一戸建て,https://www.homes.co.jp/kodate/b-1198450008423/,28,6880.0,87.75,85.08,,,大泉学園,7,,False,0
b-1400020002224,土地,https://www.homes.co.jp/tochi/b-1400020002224/,23,6880.0,50.0,,60,300.0,田端,12,,False,0
b-1331950010232,新築一戸建て,https://www.homes.co.jp/kodate/b-1331950010232/,31,6890.0,66.34,103.39,,,大泉学園,10,,False,0
b-1373850000542,土地,https://www.homes.co.jp/tochi/b-1373850000542/,22,6890.0,98.1,,50,100.0,桜台,7,,False,0
b-17054720000726,新築一戸建て,https://www.homes.co.jp/kodate/b-17054720000726/,22,6980.0,66.52,113.32,60,300.0,中板橋,7,,False,0
b-17059470000780,新築一戸建て,https://www.homes.co.jp/kodate/b-17059470000780/,30,6980.0,100.55,95.98,50,100.0,豊島園,8,,False,0
b-17001290000519,新築一戸建て,https://www.homes.co.jp/kodate/b-17001290000519/,39,6980.0,100.07,95.84,60,200.0,武蔵浦和,10,,False,0
b-90470000031,新築一戸建て,https://www.homes.co.jp/kodate/b-90470000031/,23,6980.0,43.85,75.51,,,早稲田,8,,False,0
b-1229390001938,中古一戸建て,https://www.homes.co.jp/kodate/b-1229390001938/,23,6980.0,47.14,84.87,,,東中野,9,15.0,False,0
b-1318030005699,新築一戸建て,https://www.homes.co.jp/kodate/b-1318030005699/,22,6980.0,66.52,113.32,,,中板橋,7,,False,0
b-1010870033274,新築一戸建て,https://www.homes.co.jp/kodate/b-1010870033274/,28,6980.0,87.02,85.08,,,大泉学園,7,,False,0
b-37091040001436,新築一戸建て,https://www.homes.co.jp/kodate/b-37091040001436/,39,6980.0,100.07,95.84,,,武蔵浦和,10,,False,0
b-1080060004298,新築一戸建て,https://www.homes.co.jp/kodate/b-1080060004298/,31,6980.0,132.54,101.72,,,成増,13,,False,0
b-1446370000118,中古一戸建て,https://www.homes.co.jp/kodate/b-1446370000118/,14,6980.0,52.67,74.56,,,新大久保,5,20.0,False,0
b-1265020004264,中古一戸建て,https://www.homes.co.jp/kodate/b-1265020004264/,25,6980.0,110.93,100.3,,,石神井公園,7,5.0,False,0
b-1443820000114,中古一戸建て,https://www.homes.co.jp/kodate/b-1443820000114/,27,6980.0,112.82,131.65,,,小竹向原,15,17.0,False,0
b-1090350000285,土地,https://www.homes.co.jp/tochi/b-1090350000285/,40,6980.0,72.24,,60,300.0,品川シーサイド,6,,False,0
b-1388540004359,土地,https://www.homes.co.jp/tochi/b-1388540004359/,29,6980.0,138.83,,50,100.0,練馬高野台,7,,False,0
b-1278120007165,土地,https://www.homes.co.jp/tochi/b-1278120007165/,28,6980.0,159.83,,50,100.0,練馬高野台,7,,False,0
b-1389720001297,土地,https://www.homes.co.jp/tochi/b-1389720001297/,27,6980.0,96.29,,60,200.0,氷川台,13,,False,0
b-1412500000287,土地,https://www.homes.co.jp/tochi/b-1412500000287/,19,6980.0,77.37,,60,200.0,下落合,7,,False,0
b-1193340008085,土地,https://www.homes.co.jp/tochi/b-1193340008085/,15,6980.0,50.15,,60,300.0,新大塚,6,,False,0
b-1400020002222,土地,https://www.homes.co.jp/tochi/b-1400020002222/,23,6980.0,50.84,,60,300.0,田端,12,,False,0
b-17005410000154,新築一戸建て,https://www.homes.co.jp/kodate/b-17005410000154/,34,6990.0,100.38,79.49,40,50.0,鷺ノ宮,12,,False,0
b-1219650011023,新築一戸建て,https://www.homes.co.jp/kodate/b-1219650011023/,34,6990.0,100.38,79.49,,,鷺ノ宮,12,,False,0
b-1379290001084,新築一戸建て,https://www.homes.co.jp/kodate/b-1379290001084/,24,6990.0,90.23,103.69,,,ときわ台,9,,False,0
b-1243510000597,中古一戸建て,https://www.homes.co.jp/kodate/b-1243510000597/,31,6990.0,32.11,112.53,,,入谷,4,32.0,False,0
b-1252630008045,中古一戸建て,https://www.homes.co.jp/kodate/b-1252630008045/,23,7000.0,62.99,100.1,,,赤羽,8,19.0,False,0
b-1267650011754,中古一戸建て,https://www.homes.co.jp/kodate/b-1267650011754/,25,7000.0,62.99,100.01,,,赤羽,10,19.0,False,0
b-1199420000410,新築一戸建て,https://www.homes.co.jp/kodate/b-1199420000410/,27,7080.0,92.26,91.93,,,練馬高野台,5,,False,0
b-1256480010296,新築一戸建て,https://www.homes.co.jp/kodate/b-1256480010296/,32,7180.0,100.55,95.98,,,豊島園,9,,False,0
b-1080060004237,新築一戸建て,https://www.homes.co.jp/kodate/b-1080060004237/,28,7180.0,75.77,111.93,,,石神井公園,10,,False,0
b-1103230001490,中古一戸建て,https://www.homes.co.jp/kodate/b-1103230001490/,13,7180.0,57.06,86.49,,,巣鴨新田,5,16.0,False,0
b-1445390000589,中古一戸建て,https://www.homes.co.jp/kodate/b-1445390000589/,15,7180.0,57.06,83.19,,,巣鴨新田,5,19.0,False,0
b-1388540004693,土地,https://www.homes.co.jp/tochi/b-1388540004693/,21,7180.0,161.61,,60,200.0,氷川台,7,,False,0
b-1318030005803,土地,https://www.homes.co.jp/tochi/b-1318030005803/,21,7180.0,161.61,,60,160.0,氷川台,7,,False,0
b-1169130020854,新築一戸建て,https://www.homes.co.jp/kodate/b-1169130020854/,20,7280.0,43.98,86.04,,,早稲田,6,,False,0
b-1222400003759,新築一戸建て,https://www.homes.co.jp/kodate/b-1222400003759/,26,7280.0,91.92,77.75,,,新江古田,9,,False,0
b-1143650000997,新築一戸建て,https://www.homes.co.jp/kodate/b-1143650000997/,26,7280.0,100.29,100.43,,,氷川台,12,,False,0
b-1288710000147,中古一戸建て,https://www.homes.co.jp/kodate/b-1288710000147/,12,7280.0,63.53,101.02,,,巣鴨新田,5,22.0,False,0
b-1421770003820,中古一戸建て,https://www.homes.co.jp/kodate/b-1421770003820/,15,7280.0,68.71,114.01,,,東長崎,4,26.0,False,0
b-1421770004006,新築一戸建て,https://www.homes.co.jp/kodate/b-1421770004006/,32,7290.0,99.43,99.17,,,大泉学園,11,,False,0
b-35503720000118,土地,https://www.homes.co.jp/tochi/b-35503720000118/,28,7300.0,146.06,,50,100.0,石神井公園,10,,False,0
b-1388540004591,中古一戸建て,https://www.homes.co.jp/kodate/b-1388540004591/,38,7380.0,51.03,80.55,,,大井町,5,19.0,False,0
b-88120000575,土地,https://www.homes.co.jp/tochi/b-88120000575/,27,7380.0,138.83,,50,100.0,石神井公園,9,,False,0
b-17063820000127,新築一戸建て,https://www.homes.co.jp/kodate/b-17063820000127/,23,7390.0,124.03,113.1,60,200.0,地下鉄赤塚,5,,False,0
b-1331950010575,新築一戸建て,https://www.homes.co.jp/kodate/b-1331950010575/,23,7390.0,124.03,113.1,,,地下鉄赤塚,5,,False,0
b-1265020004365,新築一戸建て,https://www.homes.co.jp/kodate/b-1265020004365/,24,7390.0,124.03,113.1,,,地下鉄赤塚,6,,False,0
b-17019050000347,新築一戸建て,https://www.homes.co.jp/kodate/b-17019050000347/,33,7480.0,82.07,111.37,60,200.0,中村橋,14,,False,0
b-17054540000983,新築一戸建て,https://www.homes.co.jp/kodate/b-17054540000983/,26,7480.0,95.85,100.04,60,200.0,小竹向原,14,,False,0
b-1404690000029,新築一戸建て,https://www.homes.co.jp/kodate/b-1404690000029/,22,7480.0,73.86,99.62,,,平和台,6,,False,0
b-1358070000287,中古一戸建て,https://www.homes.co.jp/kodate/b-1358070000287/,40,7480.0,121.06,121.06,,,北戸田,14,6.0,False,0
b-1398510000015,中古一戸建て,https://www.homes.co.jp/kodate/b-1398510000015/,40,7480.0,121.06,141.49,,,北戸田,14,6.0,False,0
b-1309740000424,中古一戸建て,https://www.homes.co.jp/kodate/b-1309740000424/,22,7480.0,100.02,97.7,,,平和台,6,23.0,False,0
b-17077110000046,新築一戸建て,https://www.homes.co.jp/kodate/b-17077110000046/,30,7490.0,96.47,104.95,60,100.0,石神井公園,12,,False,0
b-1000980064160,新築一戸建て,https://www.homes.co.jp/kodate/b-1000980064160/,30,7490.0,96.47,104.95,,,上石神井,10,,False,0
b-1440620000020,中古一戸建て,https://www.homes.co.jp/kodate/b-1440620000020/,33,7490.0,83.91,150.7,,,鷺ノ宮,10,25.0,False,0
b-1193340008030,新築一戸建て,https://www.homes.co.jp/kodate/b-1193340008030/,19,7495.0,75.94,115.35,,,十条,7,,False,0
b-17065540000013,新築一戸建て,https://www.homes.co.jp/kodate/b-17065540000013/,36,7580.0,41.1,80.92,80,500.0,新御徒町,6,,False,0
b-1265020004372,新築一戸建て,https://www.homes.co.jp/kodate/b-1265020004372/,20,7580.0,95.58,91.92,,,桜台,5,,False,0
b-1446370000233,土地,https://www.homes.co.jp/tochi/b-1446370000233/,15,7580.0,72.8,,60,200.0,下落合,7,,False,0
b-1325250000139,新築一戸建て,https://www.homes.co.jp/kodate/b-1325250000139/,30,7590.0,122.59,136.86,,,平和台,14,,False,0
b-1243260007764,新築一戸建て,https://www.homes.co.jp/kodate/b-1243260007764/,16,7780.0,45.36,75.73,,,面影橋,4,,False,0
b-1072760000528,新築一戸建て,https://www.homes.co.jp/kodate/b-1072760000528/,22,7780.0,62.36,101.9,,,西ケ原,6,,False,0
b-1080060003839,新築一戸建て,https://www.homes.co.jp/kodate/b-1080060003839/,31,7780.0,110.64,88.28,,,富士見台,11,,False,0
b-1193340008083,中古一戸建て,https://www.homes.co.jp/kodate/b-1193340008083/,10,7780.0,37.8,80.61,,,新大塚,1,5.0,False,0
b-1262370001240,新築一戸建て,https://www.homes.co.jp/kodate/b-1262370001240/,22,7780.0,80.33,90.26,,,平和台,6,,False,0
b-17054720000735,中古一戸建て,https://www.homes.co.jp/kodate/b-17054720000735/,26,7790.0,69.59,114.05,60,200.0,赤羽,11,,False,0
b-1421770003018,新築一戸建て,https://www.homes.co.jp/kodate/b-1421770003018/,26,7790.0,69.59,114.05,,,志茂,7,,False,0
b-1373850000540,土地,https://www.homes.co.jp/tochi/b-1373850000540/,22,7790.0,104.6,,50,100.0,桜台,7,,False,0
b-1019620022623,土地,https://www.homes.co.jp/tochi/b-1019620022623/,22,7800.0,118.17,,70,160.0,上板橋,2,,False,0
b-17020970014902,土地,https://www.homes.co.jp/tochi/b-17020970014902/,17,7860.0,55.21,,60,160.0,護国寺,7,,False,0
b-17062460000108,新築一戸建て,https://www.homes.co.jp/kodate/b-17062460000108/,24,7880.0,107.7,106.81,50,100.0,地下鉄赤塚,6,,False,0
b-1336600001762,新築一戸建て,https://www.homes.co.jp/kodate/b-1336600001762/,24,7880.0,107.7,106.81,,,地下鉄赤塚,6,,False,0
b-35503720000115,土地,https://www.homes.co.jp/tochi/b-35503720000115/,10,7880.0,59.45,,60,160.0,高田馬場,3,,False,0
b-1206630001577,中古一戸建て,https://www.homes.co.jp/kodate/b-1206630001577/,20,7890.0,48.95,78.47,,,神楽坂,7,7.0,False,0
b-1242100007097,土地,https://www.homes.co.jp/tochi/b-1242100007097/,35,7890.0,47.16,,60,200.0,高輪台,6,,False,0
b-17001030000004,土地,https://www.homes.co.jp/tochi/b-17001030000004/,26,7900.0,135.67,,50,150.0,石神井公園,8,,False,0
b-17074750000054,土地,https://www.homes.co.jp/tochi/b-17074750000054/,14,7980.0,79.36,,60,70.0,高田馬場,7,,False,0
b-1445390000597,中古一戸建て,https://www.homes.co.jp/kodate/b-1445390000597/,10,7980.0,37.8,80.61,,,新大塚,1,5.0,False,0
b-1228030000727,中古一戸建て,https://www.homes.co.jp/kodate/b-1228030000727/,19,7980.0,66.6,89.21,,,大久保,7,17.0,False,0
b-1228030000713,中古一戸建て,https://www.homes.co.jp/kodate/b-1228030000713/,40,7980.0,85.74,134.96,,,武蔵小杉,9,10.0,False,0
b-1191550004544,土地,https://www.homes.co.jp/tochi/b-1191550004544/,15,7980.0,82.57,,60,160.0,高田馬場,8,,False,0
b-1080060004279,新築一戸建て,https://www.homes.co.jp/kodate/b-1080060004279/,25,7998.0,82.79,130.4,,,地下鉄赤塚,7,,False,0
b-17020970013739,新築一戸建て,https://www.homes.co.jp/kodate/b-17020970013739/,28,8000.0,37.9,78.55,80,240.0,上野,9,,False,0
b-1252620008619,新築一戸建て,https://www.homes.co.jp/kodate/b-1252620008619/,26,8000.0,37.9,78.55,,,稲荷町,4,,False,0
b-60000330218169,中古一戸建て,https://www.homes.co.jp/kodate/b-60000330218169/,26,8000.0,37.9,78.55,,,稲荷町,5,1.0,False,0
b-90470000007,新築一戸建て,https://www.homes.co.jp/kodate/b-90470000007/,14,8180.0,49.67,72.18,,,新大塚,5,,False,0
b-17019050000411,新築一戸建て,https://www.homes.co.jp/kodate/b-17019050000411/,27,8190.0,99.51,107.87,50,150.0,練馬,15,,False,0
b-1278120007316,新築一戸建て,https://www.homes.co.jp/kodate/b-1278120007316/,27,8190.0,99.51,121.79,,,氷川台,13,,False,0
b-1169130020874,土地,https://www.homes.co.jp/tochi/b-1169130020874/,17,8220.0,64.5,,60,300.0,雑司が谷,7,,False,0
b-1354210000957,中古一戸建て,https://www.homes.co.jp/kodate/b-1354210000957/,20,8250.0,59.88,79.27,,,早稲田,5,5.0,False,0
b-17074750000069,新築一戸建て,https://www.homes.co.jp/kodate/b-17074750000069/,18,8280.0,68.99,100.64,６０,,新大久保,12,,False,0
b-35005360000899,中古一戸建て,https://www.homes.co.jp/kodate/b-35005360000899/,18,8280.0,58.6,101.02,,,駒込,8,6.0,False,0
b-1404870000180,新築一戸建て,https://www.homes.co.jp/kodate/b-1404870000180/,18,8280.0,98.5,98.65,,,新桜台,3,,False,0
b-1169130018804,中古一戸建て,https://www.homes.co.jp/kodate/b-1169130018804/,13,8280.0,49.03,85.01,,,要町,5,5.0,False,0
b-1439660000098,新築一戸建て,https://www.homes.co.jp/kodate/b-1439660000098/,32,8280.0,128.89,122.55,,,ひばりヶ丘駅,9,,False,0
b-1392580000045,中古一戸建て,https://www.homes.co.jp/kodate/b-1392580000045/,22,8300.0,110.13,117.29,,,江古田,9,15.0,False,0
b-1267560001114,新築一戸建て,https://www.homes.co.jp/kodate/b-1267560001114/,18,8480.0,99.26,111.78,,,江古田,5,,False,0
b-1080060004264,中古一戸建て,https://www.homes.co.jp/kodate/b-1080060004264/,25,8480.0,65.63,86.8,,,若松河田,4,13.0,False,0
b-1458870000016,新築一戸建て,https://www.homes.co.jp/kodate/b-1458870000016/,24,8490.0,62.66,114.44,,,赤羽岩淵,5,,False,0
b-90470000027,新築一戸建て,https://www.homes.co.jp/kodate/b-90470000027/,14,8580.0,53.36,85.28,,,西早稲田,3,,False,0
b-1169130020886,中古一戸建て,https://www.homes.co.jp/kodate/b-1169130020886/,30,8580.0,39.7,72.02,,,広尾,8,18.0,False,0
b-1259990001271,土地,https://www.homes.co.jp/tochi/b-1259990001271/,23,8580.0,74.26,,70,300.0,雑司が谷,13,,False,0
b-1452130000102,土地,https://www.homes.co.jp/tochi/b-1452130000102/,24,8580.0,61.71,,60,300.0,鶯谷,7,,False,0
b-1455670000028,土地,https://www.homes.co.jp/tochi/b-1455670000028/,21,8680.0,49.71,,80,600.0,本郷三丁目,6,,False,0
b-1193340008073,新築一戸建て,https://www.homes.co.jp/kodate/b-1193340008073/,27,8690.0,103.31,111.66,,,ときわ台,13,,False,0
b-1193340008048,土地,https://www.homes.co.jp/tochi/b-1193340008048/,21,8720.0,58.34,,60,300.0,駒込,11,,False,0
b-1193340007991,土地,https://www.homes.co.jp/tochi/b-1193340007991/,25,8750.0,54.69,,60,300.0,千駄木,2,,False,0
b-1370090000219,中古一戸建て,https://www.homes.co.jp/kodate/b-1370090000219/,14,8800.0,55.86,98.01,,,要町,7,4.0,False,0
b-1373820000464,中古一戸建て,https://www.homes.co.jp/kodate/b-1373820000464/,31,8800.0,167.11,112.61,,,下井草,10,5.0,False,0
b-1140530010421,中古一戸建て,https://www.homes.co.jp/kodate/b-1140530010421/,32,8800.0,167.13,112.61,,,下井草,10,5.0,False,0
b-1421770003379,中古一戸建て,https://www.homes.co.jp/kodate/b-1421770003379/,31,8800.0,167.13,112.6,,,下井草,10,5.0,False,0
b-1388540004547,中古一戸建て,https://www.homes.co.jp/kodate/b-1388540004547/,19,8800.0,99.17,153.66,,,庚申塚,3,43.0,False,0
b-1169130020494,中古一戸建て,https://www.homes.co.jp/kodate/b-1169130020494/,19,8800.0,85.05,153.66,,,庚申塚,5,43.0,False,0
b-1080060004197,土地,https://www.homes.co.jp/tochi/b-1080060004197/,32,8800.0,167.13,,40,80.0,下井草,10,,False,0
b-1388540004568,土地,https://www.homes.co.jp/tochi/b-1388540004568/,19,8800.0,87.5,,60,300.0,大塚,13,,False,0
b-1318030005806,土地,https://www.homes.co.jp/tochi/b-1318030005806/,19,8800.0,87.56,,60,160.0,大塚,13,,False,0
b-1206630001547,土地,https://www.homes.co.jp/tochi/b-1206630001547/,19,8800.0,87.5,,60,160.0,西巣鴨,10,,False,0
b-1193340008080,土地,https://www.homes.co.jp/tochi/b-1193340008080/,19,8800.0,87.56,,60,300.0,大塚,13,,False,0
b-1244810005474,土地,https://www.homes.co.jp/tochi/b-1244810005474/,35,8880.0,95.04,,50,100.0,緑が丘,5,,False,0
b-1387710002925,土地,https://www.homes.co.jp/tochi/b-1387710002925/,35,8880.0,95.02,,50,100.0,自由が丘,8,,False,0
b-17020970014887,新築一戸建て,https://www.homes.co.jp/kodate/b-17020970014887/,17,8980.0,48.64,86.86,60,160.0,護国寺,7,,False,0
b-1278120007251,新築一戸建て,https://www.homes.co.jp/kodate/b-1278120007251/,16,8980.0,54.66,91.08,,,目白,11,,False,0
b-35005310001890,中古一戸建て,https://www.homes.co.jp/kodate/b-35005310001890/,26,8980.0,105.52,84.38,,,富士見台,6,3.0,False,0
b-1252630008002,中古一戸建て,https://www.homes.co.jp/kodate/b-1252630008002/,10,8980.0,37.8,80.61,,,新大塚,1,5.0,False,0
b-1087650001278,中古一戸建て,https://www.homes.co.jp/kodate/b-1087650001278/,40,8980.0,97.56,87.07,,,都立大学,7,26.0,False,0
b-1265020004351,新築一戸建て,https://www.homes.co.jp/kodate/b-1265020004351/,15,8990.0,66.5,117.03,,,北池袋,9,,False,0
b-1193340008070,新築一戸建て,https://www.homes.co.jp/kodate/b-1193340008070/,19,9156.0,84.29,126.68,,,十条,7,,False,0
b-35005380000673,土地,https://www.homes.co.jp/tochi/b-35005380000673/,31,9200.0,202.9,,40,80.0,保谷,8,,False,0
b-1252630007463,土地,https://www.homes.co.jp/tochi/b-1252630007463/,32,9200.0,202.9,,40,80.0,保谷,9,,False,0
b-1239390013184,土地,https://www.homes.co.jp/tochi/b-1239390013184/,31,9200.0,202.9,,50,80.0,保谷,8,,False,0
b-1421770003821,中古一戸建て,https://www.homes.co.jp/kodate/b-1421770003821/,19,9280.0,45.3,82.35,,,駒込,9,11.0,False,0
b-1267650016892,中古一戸建て,https://www.homes.co.jp/kodate/b-1267650016892/,19,9280.0,45.3,76.5,,,駒込,9,11.0,False,0
b-1063460027104,土地,https://www.homes.co.jp/tochi/b-1063460027104/,34,9280.0,70.8,,60,150.0,祐天寺,5,,False,0
b-1272640000254,中古一戸建て,https://www.homes.co.jp/kodate/b-1272640000254/,25,9380.0,71.56,114.58,,,白山,10,9.0,False,0
b-1325250000136,新築一戸建て,https://www.homes.co.jp/kodate/b-1325250000136/,22,9390.0,92.57,159.92,,,新桜台,8,,False,0
b-1446370000201,土地,https://www.homes.co.jp/tochi/b-1446370000201/,16,9390.0,43.84,,60,300.0,代々木,3,,False,0
b-60000330218860,中古一戸建て,https://www.homes.co.jp/kodate/b-60000330218860/,24,9400.0,32.82,55.88,,,稲荷町,3,3.0,False,0
b-60000330218312,土地,https://www.homes.co.jp/tochi/b-60000330218312/,10,9480.0,134.2,,60,300.0,池袋,10,,False,0
b-1004580036070,土地,https://www.homes.co.jp/tochi/b-1004580036070/,10,9480.0,134.2,,60,300.0,要町,6,,False,0
b-1245370000876,新築一戸建て,https://www.homes.co.jp/kodate/b-1245370000876/,35,9490.0,109.19,175.64,,,志村三丁目,10,,False,0
b-1243260007794,土地,https://www.homes.co.jp/tochi/b-1243260007794/,19,9500.0,87.5,,60,160.0,大塚,13,,False,0
b-17020970015131,土地,https://www.homes.co.jp/tochi/b-17020970015131/,36,9670.0,61.34,,60,172.0,中目黒,13,,False,0
b-1415630000018,中古一戸建て,https://www.homes.co.jp/kodate/b-1415630000018/,38,9680.0,76.5,88.6,,,緑が丘,4,4.0,False,0
b-1200350004168,中古一戸建て,https://www.homes.co.jp/kodate/b-1200350004168/,38,9780.0,76.5,88.6,,,緑が丘,4,4.0,False,0
b-35005310001851,中古一戸建て,https://www.homes.co.jp/kodate/b-35005310001851/,30,9780.0,199.17,146.62,,,保谷,7,37.0,False,0
b-90300000043,中古一戸建て,https://www.homes.co.jp/kodate/b-90300000043/,15,9800.0,61.42,100.38,,,池袋,15,6.0,False,0
b-1388540004400,土地,https://www.homes.co.jp/tochi/b-1388540004400/,17,9800.0,137.48,,60,300.0,護国寺,7,,False,0
b-1209110008268,土地,https://www.homes.co.jp/tochi/b-1209110008268/,17,9800.0,137.48,,60,300160.0,護国寺,7,,False,0
b-1243260007782,土地,https://www.homes.co.jp/tochi/b-1243260007782/,17,9800.0,137.48,,60,160.0,護国寺,7,,False,0
b-17053100001970,土地,https://www.homes.co.jp/tochi/b-17053100001970/,20,9900.0,94.18,,60,150.0,下落合,4,,False,0
b-1278120007440,中古一戸建て,https://www.homes.co.jp/kodate/b-1278120007440/,25,9900.0,115.33,135.93,,,練馬,10,14.0,False,0
b-17020970015130,土地,https://www.homes.co.jp/tochi/b-17020970015130/,33,9960.0,64.21,,60,150.0,祐天寺,4,,False,0
b-1206630001545,新築一戸建て,https://www.homes.co.jp/kodate/b-1206630001545/,24,9980.0,47.27,99.05,,,春日,6,,False,0
b-76710011654,中古一戸建て,https://www.homes.co.jp/kodate/b-76710011654/,38,9980.0,76.5,88.6,,,緑が丘,4,4.0,False,0
b-1020740072733,中古一戸建て,https://www.homes.co.jp/kodate/b-1020740072733/,31,9980.0,76.5,88.6,,,自由が丘,4,4.0,False,0
b-1063460027112,土地,https://www.homes.co.jp/tochi/b-1063460027112/,38,9980.0,100.06,,50,150.0,学芸大学,9,,False,0
b-1245370000875,新築一戸建て,https://www.homes.co.jp/kodate/b-1245370000875/,35,9990.0,109.19,161.59,,,志村三丁目,10,,False,0
b-1325250000107,新築一戸建て,https://www.homes.co.jp/kodate/b-1325250000107/,23,9990.0,83.31,169.03,,,ときわ台,7,,False,0
b-1445390000522,中古一戸建て,https://www.homes.co.jp/kodate/b-1445390000522/,20,10000.0,143.51,165.51,,,要町,12,25.0,False,0
b-1169130021019,土地,https://www.homes.co.jp/tochi/b-1169130021019/,34,10000.0,35.7,,80,700.0,小伝馬町,4,,False,0
b-1404660006013,土地,https://www.homes.co.jp/tochi/b-1404660006013/,38,10600.0,88.38,,80,324.0,新丸子,2,,False,0
b-1421770004061,土地,https://www.homes.co.jp/tochi/b-1421770004061/,39,10680.0,70.85,,60,200.0,祐天寺,10,,False,0
b-17020970014912,土地,https://www.homes.co.jp/tochi/b-17020970014912/,40,10770.0,72.38,,60,150.0,学芸大学,11,,False,0
b-1415250000140,中古一戸建て,https://www.homes.co.jp/kodate/b-1415250000140/,16,10900.0,100.75,172.9,,,北池袋,6,7.0,False,0
b-1282360001999,新築一戸建て,https://www.homes.co.jp/kodate/b-1282360001999/,34,10980.0,45.13,117.21,,,学芸大学,5,,False,0
b-1169130020492,中古一戸建て,https://www.homes.co.jp/kodate/b-1169130020492/,16,10980.0,50.78,78.69,,,東新宿,4,3.0,False,0
b-1437100000008,中古一戸建て,https://www.homes.co.jp/kodate/b-1437100000008/,29,10980.0,140.5,140.5,,,上板橋,9,2.0,False,0
b-60000330218598,土地,https://www.homes.co.jp/tochi/b-60000330218598/,11,10980.0,85.6,,80,300.0,高田馬場,4,,False,0
b-1169130020988,土地,https://www.homes.co.jp/tochi/b-1169130020988/,17,10980.0,50.78,,60,300.0,東新宿,4,,False,0
b-1412500000310,土地,https://www.homes.co.jp/tochi/b-1412500000310/,26,10980.0,73.67,,80,24060160.0,早稲田,3,,False,0
b-1169130021030,土地,https://www.homes.co.jp/tochi/b-1169130021030/,11,10980.0,85.6,,80,240.0,高田馬場,4,,False,0
b-1063460027070,土地,https://www.homes.co.jp/tochi/b-1063460027070/,39,11280.0,113.0,,50,150.0,学芸大学,10,,False,0
b-1282360002161,土地,https://www.homes.co.jp/tochi/b-1282360002161/,39,11300.0,113.47,,50,100.0,自由が丘,12,,False,0
b-1193340008050,土地,https://www.homes.co.jp/tochi/b-1193340008050/,15,11480.0,72.85,,60,150.0,駒込,5,,False,0
b-1227100001102,中古一戸建て,https://www.homes.co.jp/kodate/b-1227100001102/,21,11500.0,76.05,119.9,,,新三河島,6,29.0,False,0
b-1073170001466,中古一戸建て,https://www.homes.co.jp/kodate/b-1073170001466/,35,11500.0,310.83,219.61,,,保谷,13,30.0,False,0
b-1301590003938,中古一戸建て,https://www.homes.co.jp/kodate/b-1301590003938/,35,11500.0,310.83,219.6,,,保谷,13,30.0,False,0
b-1239390013568,土地,https://www.homes.co.jp/tochi/b-1239390013568/,25,11500.0,157.96,,50,100.0,石神井公園,7,,False,0
b-76710011650,中古一戸建て,https://www.homes.co.jp/kodate/b-76710011650/,35,11580.0,67.53,100.78,,,祐天寺,8,6.0,False,0
b-1254880000069,中古一戸建て,https://www.homes.co.jp/kodate/b-1254880000069/,40,11800.0,68.03,104.24,,,祐天寺,11,4.0,False,0
b-1278120006797,中古一戸建て,https://www.homes.co.jp/kodate/b-1278120006797/,26,11800.0,208.56,145.73,,,新江古田,10,12.0,True,0
b-1307340000171,中古一戸建て,https://www.homes.co.jp/kodate/b-1307340000171/,37,11800.0,145.0,224.39,,,東武練馬,15,36.0,False,0
b-17060550000186,新築一戸建て,https://www.homes.co.jp/kodate/b-17060550000186/,36,11980.0,68.84,106.09,70,160.0,祐天寺,7,,False,0
b-1244810005608,新築一戸建て,https://www.homes.co.jp/kodate/b-1244810005608/,37,11980.0,68.84,106.09,,,祐天寺,8,,False,0
b-1087650001274,新築一戸建て,https://www.homes.co.jp/kodate/b-1087650001274/,36,11980.0,68.84,106.09,,,祐天寺,7,,False,0
b-1387710003018,中古一戸建て,https://www.homes.co.jp/kodate/b-1387710003018/,23,11980.0,75.85,87.62,,,南新宿,6,8.0,False,0
b-1388540004582,中古一戸建て,https://www.homes.co.jp/kodate/b-1388540004582/,13,11980.0,132.37,197.35,,,北池袋,6,31.0,False,0
b-35005610000062,土地,https://www.homes.co.jp/tochi/b-35005610000062/,20,11980.0,213.44,,50,100.0,東長崎,9,,False,0
b-35005350000866,土地,https://www.homes.co.jp/tochi/b-35005350000866/,34,11980.0,178.34,,50,100.0,自由が丘,7,,False,0
b-1445390000450,中古一戸建て,https://www.homes.co.jp/kodate/b-1445390000450/,35,12000.0,71.32,104.83,,,目黒,12,6.0,False,0
b-1417040001753,中古一戸建て,https://www.homes.co.jp/kodate/b-1417040001753/,35,12000.0,71.23,104.83,,,目黒,12,6.0,False,0
b-60000330217328,中古一戸建て,https://www.homes.co.jp/kodate/b-60000330217328/,16,12300.0,67.91,132.82,,,要町,8,1.0,False,0
b-1282360002160,土地,https://www.homes.co.jp/tochi/b-1282360002160/,39,12300.0,112.34,,50,100.0,自由が丘,12,,False,0
b-1278120006961,中古一戸建て,https://www.homes.co.jp/kodate/b-1278120006961/,28,12480.0,178.51,124.62,,,石神井公園,10,15.0,False,0
b-1004580036165,土地,https://www.homes.co.jp/tochi/b-1004580036165/,39,12800.0,84.92,,80,240.0,四谷三丁目,3,,False,0
b-1301530000010,土地,https://www.homes.co.jp/tochi/b-1301530000010/,16,12800.0,124.79,,80,300.0,東長崎,5,,False,0
b-1219650010996,中古一戸建て,https://www.homes.co.jp/kodate/b-1219650010996/,28,12980.0,178.51,124.62,,,石神井公園,10,15.0,False,0
b-1197230006361,土地,https://www.homes.co.jp/tochi/b-1197230006361/,40,13200.0,158.28,,50,150.0,学芸大学,11,,False,0
b-1200350004004,中古一戸建て,https://www.homes.co.jp/kodate/b-1200350004004/,19,13600.0,60.84,143.15,,,茗荷谷,8,35.0,False,0
b-1307340000127,土地,https://www.homes.co.jp/tochi/b-1307340000127/,20,13600.0,113.98,,80,600.0,駒込,10,,False,0
b-17020970014985,土地,https://www.homes.co.jp/tochi/b-17020970014985/,38,13800.0,109.19,,60,150.0,祐天寺,14,,False,0
b-1363260000237,中古一戸建て,https://www.homes.co.jp/kodate/b-1363260000237/,18,13860.0,201.41,164.42,,,千川,8,27.0,False,0
b-1063460027074,土地,https://www.homes.co.jp/tochi/b-1063460027074/,38,13880.0,115.3,,50,150.0,学芸大学,9,,False,0
b-1242100007065,土地,https://www.homes.co.jp/tochi/b-1242100007065/,34,13980.0,84.34,,60,160.0,中目黒,11,,False,0
b-1325250000098,新築一戸建て,https://www.homes.co.jp/kodate/b-1325250000098/,18,13990.0,93.7,157.18,,,護国寺,8,,False,0
b-1445390000588,中古一戸建て,https://www.homes.co.jp/kodate/b-1445390000588/,20,14000.0,54.41,148.56,,,大久保,10,22.0,False,0
b-1445390000604,中古一戸建て,https://www.homes.co.jp/kodate/b-1445390000604/,27,14000.0,225.49,168.07,,,板橋本町,8,14.0,False,0
b-1239390013566,土地,https://www.homes.co.jp/tochi/b-1239390013566/,25,14000.0,165.3,,50,100.0,石神井公園,7,,False,0
b-1259990001292,土地,https://www.homes.co.jp/tochi/b-1259990001292/,15,14000.0,267.76,,60,200.0,小竹向原,3,,False,0
b-1169130020979,土地,https://www.homes.co.jp/tochi/b-1169130020979/,22,14140.0,74.36,,80,400.0,春日,2,,False,0
b-1299590000925,中古一戸建て,https://www.homes.co.jp/kodate/b-1299590000925/,34,14190.0,51.39,90.76,,,祐天寺,5,14.0,False,0
b-17060550000194,新築一戸建て,https://www.homes.co.jp/kodate/b-17060550000194/,36,14200.0,77.8,110.0,60,150.0,学芸大学,7,,False,0
b-1230280003799,新築一戸建て,https://www.homes.co.jp/kodate/b-1230280003799/,36,14200.0,77.86,110.0,,,学芸大学,7,,False,0
b-1278120007446,土地,https://www.homes.co.jp/tochi/b-1278120007446/,18,14280.0,122.8,,60,150.0,茗荷谷,7,,False,0
b-1242100007030,土地,https://www.homes.co.jp/tochi/b-1242100007030/,34,14280.0,84.2,,60,160.0,中目黒,11,,False,0
b-1282360001884,中古一戸建て,https://www.homes.co.jp/kodate/b-1282360001884/,40,14500.0,179.43,221.52,,,祐天寺,11,56.0,False,0
b-1387710003090,中古一戸建て,https://www.homes.co.jp/kodate/b-1387710003090/,40,14500.0,221.52,179.43,,,祐天寺,11,56.0,False,0
b-1282360002086,土地,https://www.homes.co.jp/tochi/b-1282360002086/,37,14500.0,179.43,,60,150.0,祐天寺,11,,False,0
b-1169130020408,土地,https://www.homes.co.jp/tochi/b-1169130020408/,23,14500.0,38.21,,80,700.0,九段下,3,,False,0
b-35005460000354,中古一戸建て,https://www.homes.co.jp/kodate/b-35005460000354/,14,14660.0,175.4,155.25,,,千川,4,24.0,False,0
b-1272640000261,中古一戸建て,https://www.homes.co.jp/kodate/b-1272640000261/,21,14800.0,102.89,155.25,,,千駄木,4,8.0,False,0
b-1387710003019,中古一戸建て,https://www.homes.co.jp/kodate/b-1387710003019/,23,14800.0,60.11,91.46,,,南新宿,6,19.0,False,0
b-35005240001972,中古一戸建て,https://www.homes.co.jp/kodate/b-35005240001972/,20,14800.0,138.72,198.43,,,新大塚,11,28.0,False,0
b-1272130002082,中古一戸建て,https://www.homes.co.jp/kodate/b-1272130002082/,27,15000.0,83.8,88.46,,,目黒,4,17.0,False,0
b-1272130002083,中古一戸建て,https://www.homes.co.jp/kodate/b-1272130002083/,37,15000.0,65.59,98.31,,,学芸大学,8,18.0,False,0
b-35005360000825,土地,https://www.homes.co.jp/tochi/b-35005360000825/,25,15000.0,220.03,,60,160.0,後楽園,11,,False,0
b-1252630007688,中古一戸建て,https://www.homes.co.jp/kodate/b-1252630007688/,16,15500.0,197.82,193.02,,,小竹向原,4,7.0,False,0
b-1219650010943,土地,https://www.homes.co.jp/tochi/b-1219650010943/,25,15660.0,201.82,,60,200.0,練馬,10,,False,0
b-1169130020923,中古一戸建て,https://www.homes.co.jp/kodate/b-1169130020923/,19,16000.0,92.92,124.81,,,茗荷谷,8,3.0,False,0
b-60000330218850,土地,https://www.homes.co.jp/tochi/b-60000330218850/,31,16300.0,72.94,,80,500.0,秋葉原,8,,False,0
b-1223780000306,中古一戸建て,https://www.homes.co.jp/kodate/b-1223780000306/,34,16900.0,93.71,168.55,,,祐天寺,8,44.0,False,0
b-1063460027100,土地,https://www.homes.co.jp/tochi/b-1063460027100/,36,16980.0,134.27,,60,150.0,池尻大橋,11,,False,0
b-1278120007404,土地,https://www.homes.co.jp/tochi/b-1278120007404/,3,17000.0,98.01,,60,300.0,池袋,3,,False,0
b-17053100001944,土地,https://www.homes.co.jp/tochi/b-17053100001944/,32,17300.0,157.03,,60,150.0,祐天寺,3,,False,0
b-1209110008354,土地,https://www.homes.co.jp/tochi/b-1209110008354/,32,17300.0,152.05,,60,150.0,祐天寺,3,,False,0
b-1193340008047,土地,https://www.homes.co.jp/tochi/b-1193340008047/,21,17520.0,116.74,,60,300.0,駒込,11,,False,0
b-74250026795,土地,https://www.homes.co.jp/tochi/b-74250026795/,32,17800.0,157.03,,60,150.0,祐天寺,3,,False,0
b-17063640000103,中古一戸建て,https://www.homes.co.jp/kodate/b-17063640000103/,37,17900.0,111.03,173.93,60,150.0,緑が丘,4,,False,0
b-60000330217692,土地,https://www.homes.co.jp/tochi/b-60000330217692/,27,17900.0,80.35,,60,160.0,外苑前,9,,False,0
b-1431680000397,中古一戸建て,https://www.homes.co.jp/kodate/b-1431680000397/,39,18800.0,194.63,192.93,,,田園調布,5,31.0,False,0
b-1216190000522,中古一戸建て,https://www.homes.co.jp/kodate/b-1216190000522/,28,19000.0,84.09,138.07,,,代官山,6,34.0,False,0
b-1387710002881,土地,https://www.homes.co.jp/tochi/b-1387710002881/,26,19000.0,64.29,,60,176.0,北参道,8,,False,0
b-1331680000261,中古一戸建て,https://www.homes.co.jp/kodate/b-1331680000261/,27,19800.0,196.83,155.8,,,大泉学園,6,9.0,False,0
b-1278120007461,中古一戸建て,https://www.homes.co.jp/kodate/b-1278120007461/,27,19800.0,191.96,177.14,,,練馬,12,19.0,False,0
b-1446370000126,中古一戸建て,https://www.homes.co.jp/kodate/b-1446370000126/,18,19800.0,56.09,140.72,,,南新宿,2,18.0,False,0
b-17063640000102,中古一戸建て,https://www.homes.co.jp/kodate/b-17063640000102/,38,19980.0,139.07,216.78,50,150.0,学芸大学,9,,False,0
b-17005690000378,中古一戸建て,https://www.homes.co.jp/kodate/b-17005690000378/,25,19990.0,121.07,199.74,60,10.0,神楽坂,8,,False,0
b-1437930000261,中古一戸建て,https://www.homes.co.jp/kodate/b-1437930000261/,36,20000.0,116.24,112.63,,,奥沢,7,20.0,False,0
b-1004580036076,中古一戸建て,https://www.homes.co.jp/kodate/b-1004580036076/,19,20000.0,92.92,130.49,,,茗荷谷,8,3.0,False,0
b-8410102659,中古一戸建て,https://www.homes.co.jp/kodate/b-8410102659/,15,20000.0,78.54,345.37,,,駒込,5,45.0,False,0
b-1169130019959,中古一戸建て,https://www.homes.co.jp/kodate/b-1169130019959/,26,21000.0,113.12,66.24,,,渋谷,8,12.0,False,0
b-1445390000500,中古一戸建て,https://www.homes.co.jp/kodate/b-1445390000500/,20,21000.0,92.92,130.49,,,茗荷谷,9,3.0,False,0
b-1063460027106,土地,https://www.homes.co.jp/tochi/b-1063460027106/,31,21300.0,115.06,,60,150.0,中目黒,8,,False,0
b-1387710002600,中古一戸建て,https://www.homes.co.jp/kodate/b-1387710002600/,30,21900.0,112.61,117.57,,,中目黒,7,8.0,False,0
b-1202620000089,中古一戸建て,https://www.homes.co.jp/kodate/b-1202620000089/,27,22000.0,352.29,158.12,,,石神井公園,9,30.0,False,0
b-1387710002878,中古一戸建て,https://www.homes.co.jp/kodate/b-1387710002878/,29,22500.0,137.77,169.21,,,代官山,10,24.0,False,0
b-1387710003081,土地,https://www.homes.co.jp/tochi/b-1387710003081/,21,22500.0,196.39,,60,300.0,北参道,3,,False,0
b-1400140000556,中古一戸建て,https://www.homes.co.jp/kodate/b-1400140000556/,27,22800.0,196.83,155.8,,,大泉学園,6,9.0,False,0
b-1282360002162,土地,https://www.homes.co.jp/tochi/b-1282360002162/,39,23600.0,225.81,,50,100.0,自由が丘,12,,False,0
b-1252630008032,中古一戸建て,https://www.homes.co.jp/kodate/b-1252630008032/,29,24300.0,277.02,301.64,,,赤羽,14,13.0,False,0
b-1063460027021,土地,https://www.homes.co.jp/tochi/b-1063460027021/,23,24900.0,131.57,,60,300.0,恵比寿,3,,False,0
b-1387710003046,土地,https://www.homes.co.jp/tochi/b-1387710003046/,35,25000.0,178.3,,60,200.0,都立大学,2,,False,0
b-1421770002882,中古一戸建て,https://www.homes.co.jp/kodate/b-1421770002882/,29,25800.0,119.03,210.04,,,中目黒,6,29.0,False,0
b-60000330218507,土地,https://www.homes.co.jp/tochi/b-60000330218507/,28,25800.0,124.14,,60,200.0,表参道,8,,False,0
b-1072760000295,中古一戸建て,https://www.homes.co.jp/kodate/b-1072760000295/,25,26800.0,105.25,138.62,,,神泉,2,10.0,False,0
b-1193340007751,中古一戸建て,https://www.homes.co.jp/kodate/b-1193340007751/,18,27000.0,165.68,299.31,,,駒込,8,33.0,False,0
b-1209110008275,土地,https://www.homes.co.jp/tochi/b-1209110008275/,33,27000.0,181.81,,50,100.0,中目黒,10,,False,0
b-1244810005427,土地,https://www.homes.co.jp/tochi/b-1244810005427/,35,27000.0,181.81,,50,100.0,中目黒,12,,False,0
b-1303410002891,土地,https://www.homes.co.jp/tochi/b-1303410002891/,33,27000.0,181.81,,50,100.0,祐天寺,12,,False,0
b-1231910010469,土地,https://www.homes.co.jp/tochi/b-1231910010469/,33,27000.0,181.51,,50,100.0,中目黒,10,,False,0
b-1387710003079,土地,https://www.homes.co.jp/tochi/b-1387710003079/,30,27800.0,154.87,,60,150.0,恵比寿,10,,False,0
b-1242100007028,土地,https://www.homes.co.jp/tochi/b-1242100007028/,34,28260.0,168.54,,60,160.0,中目黒,11,,False,0
b-1387710003103,土地,https://www.homes.co.jp/tochi/b-1387710003103/,26,28800.0,129.28,,60,300.0,恵比寿,6,,False,0
b-35005360000921,中古一戸建て,https://www.homes.co.jp/kodate/b-35005360000921/,13,29800.0,145.68,267.34,,,巣鴨,5,30.0,False,0
b-60000330218791,土地,https://www.homes.co.jp/tochi/b-60000330218791/,34,30000.0,195.04,,70,150.0,祐天寺,6,,False,0
b-1387710002876,土地,https://www.homes.co.jp/tochi/b-1387710002876/,25,31500.0,166.61,,60,240.0,神泉,3,,False,0
b-1387710002866,土地,https://www.homes.co.jp/tochi/b-1387710002866/,29,31900.0,111.22,,70,150.0,神泉,8,,False,0
b-1063460027113,土地,https://www.homes.co.jp/tochi/b-1063460027113/,30,31900.0,112.87,,60,150.0,渋谷,12,,False,0
b-1169130020246,中古一戸建て,https://www.homes.co.jp/kodate/b-1169130020246/,31,35000.0,100.35,103.07,,,国会議事堂前,3,7.0,False,0
b-1169130020242,土地,https://www.homes.co.jp/tochi/b-1169130020242/,31,35000.0,100.35,,80,500.0,国会議事堂前,3,,False,0
b-1387710002476,中古一戸建て,https://www.homes.co.jp/kodate/b-1387710002476/,21,35200.0,62.94,100.68,,,明治神宮前,5,29.0,False,0
b-1063460027076,土地,https://www.homes.co.jp/tochi/b-1063460027076/,31,35500.0,258.74,,60,150.0,目黒,8,,False,0
b-1063460027101,土地,https://www.homes.co.jp/tochi/b-1063460027101/,28,36800.0,198.5,,60,150.0,恵比寿,8,,False,0
b-1169130020544,中古一戸建て,https://www.homes.co.jp/kodate/b-1169130020544/,23,36900.0,139.5,464.8,,,神泉,4,42.0,False,0
b-1169130020488,土地,https://www.homes.co.jp/tochi/b-1169130020488/,21,38000.0,60.79,,80,600.0,市ケ谷,3,,False,0
b-1063460027068,中古一戸建て,https://www.homes.co.jp/kodate/b-1063460027068/,34,39800.0,168.71,312.05,,,目黒,11,13.0,False,0
b-1392840000625,中古一戸建て,https://www.homes.co.jp/kodate/b-1392840000625/,39,39800.0,171.9,371.86,,,四ツ谷,5,14.0,False,0
b-1004580035767,中古一戸建て,https://www.homes.co.jp/kodate/b-1004580035767/,25,39900.0,200.96,554.65,,,三河島,4,15.0,False,0
b-14300018102,土地,https://www.homes.co.jp/tochi/b-14300018102/,30,40900.0,138.18,,60,150.0,神泉,7,,False,0
b-1299590000931,土地,https://www.homes.co.jp/tochi/b-1299590000931/,30,40900.0,138.18,,60,150.0,渋谷,12,,False,0
b-1311760000603,中古一戸建て,https://www.homes.co.jp/kodate/b-1311760000603/,30,45000.0,127.95,189.14,,,神泉,4,6.0,False,0
b-1004580035263,中古一戸建て,https://www.homes.co.jp/kodate/b-1004580035263/,18,49000.0,247.63,457.99,,,千石,4,20.0,False,0
b-1004580035837,土地,https://www.homes.co.jp/tochi/b-1004580035837/,18,49000.0,247.63,,60,300.0,千石,4,,False,0
b-1169130019015,土地,https://www.homes.co.jp/tochi/b-1169130019015/,16,56000.0,160.6,,80,600.0,東新宿,2,,False,0
